song_base,artist_canon,artist_name_has_spanish_char,artist_name_has_spanish_word,title_has_en_vivo,title_has_con_feat,genius_annotation_count,genius_pageviews
easy on me,adele,0,0,0,0,7.0,2968964.0
stay,the kid laroi and justin bieber,0,0,0,0,,
industry baby,lil nas x and jack harlow,0,0,0,0,,
fancy like,walker hayes,0,0,0,0,18.0,135100.0
bad habits,ed sheeran,0,0,0,0,22.0,1241041.0
way 2 sexy,drake featuring future and young thug,0,0,0,0,,
shivers,ed sheeran,0,0,0,0,6.0,513669.0
good 4 u,olivia rodrigo,0,0,0,0,10.0,2912463.0
need to know,doja cat,0,0,0,0,14.0,1474084.0
levitating,dua lipa,0,0,0,0,13.0,1466571.0
essence,wizkid featuring justin bieber and tems,0,0,0,0,,
kiss me more,doja cat featuring sza,0,0,0,0,,
heat waves,glass animals,0,0,0,0,19.0,1506595.0
beggin',maneskin,0,0,0,0,6.0,749207.0
cold heart,elton john and dua lipa,0,0,0,0,,
you right,doja cat and the weeknd,0,0,0,0,,
save your tears,the weeknd and ariana grande,0,0,0,0,,
if i didn't love you,jason aldean and carrie underwood,0,0,0,0,0.0,
traitor,olivia rodrigo,0,0,0,0,6.0,1543071.0
my universe,coldplay x bts,0,0,0,0,,
who want smoke,"nardo wick featuring g herbo, lil durk and 21 savage",0,0,0,0,,
knife talk,drake featuring 21 savage and project pat,0,0,0,0,,
meet me at our spot,the anxiety: willow and tyler cole,0,0,0,0,,
montero,lil nas x,0,0,0,0,13.0,2621619.0
chasing after you,ryan hurd with maren morris,0,0,0,0,1.0,112032.0
girls want girls,drake featuring lil baby,0,0,0,0,6.0,1062204.0
moth to a flame,swedish house mafia and the weeknd,0,0,0,0,,
let's go brandon,bryson gray featuring tyson james and chandler crump,0,0,0,0,,
thats what i want,lil nas x,0,0,0,0,13.0,569383.0
pepas,farruko,0,0,0,0,1.0,197815.0
love nwantiti,ckay,0,0,0,0,0.0,36771.0
take my breath,the weeknd,0,0,0,0,9.0,437231.0
happier than ever,billie eilish,0,0,0,0,10.0,4075545.0
wockesha,moneybagg yo,0,0,0,0,9.0,340284.0
better days,neiked x mae muller x polo g,0,0,0,0,,
buy dirt,jordan davis featuring luke bryan,0,0,0,0,6.0,53678.0
ghost,justin bieber,0,0,0,0,6.0,698161.0
lets go brandon,loza alexander,0,0,0,0,6.0,22161.0
cold as you,luke combs,0,0,0,0,2.0,45527.0
a-o-k,tai verdes,0,0,0,0,13.0,228770.0
you should probably leave,chris stapleton,0,0,0,0,7.0,172062.0
leave the door open,silk sonic (bruno mars and anderson .paak),0,0,0,0,,
thinking 'bout you,dustin lynch featuring lauren alaina or mackenzie porter,0,0,0,0,,
memory i don't mess with,lee brice,0,0,0,0,0.0,22147.0
bubbly,young thug with drake and travis scott,0,0,0,0,,
wild side,normani featuring cardi b,0,0,0,0,2.0,405385.0
sharing locations,meek mill featuring lil baby and lil durk,0,0,0,0,,
gyalis,capella grey,0,0,0,0,4.0,85447.0
i was on a boat that day,old dominion,0,0,0,0,2.0,10673.0
family ties,baby keem and kendrick lamar,0,0,0,0,0.0,
have mercy,chloe,0,0,0,0,10.0,621854.0
fair trade,drake featuring travis scott,0,0,0,0,,
same boat,zac brown band,0,0,0,0,0.0,5046.0
my boy,elvie shane,0,0,0,0,2.0,77325.0
hurricane,kanye west,0,0,0,0,22.0,1672555.0
chosen,blxst and tyga featuring ty dolla $ign,0,0,0,0,,
baddest,"yung bleu, chris brown and 2 chainz",0,0,0,0,,
knowing you,kenny chesney,0,0,0,0,0.0,17509.0
memory,kane brown x blackbear,0,0,0,0,,
cold beer calling my name,jameson rodgers featuring luke combs,0,0,0,0,0.0,7828.0
not in the mood,"lil tjay, fivio foreign and kay flock",0,0,0,0,,
pissed me off,lil durk,0,0,0,0,4.0,111447.0
woman,doja cat,0,0,0,0,8.0,898054.0
sand in my boots,morgan wallen,0,0,0,0,12.0,137365.0
'til you can't,cody johnson,0,0,0,0,1.0,50067.0
love again,dua lipa,0,0,0,0,6.0,378471.0
whiskey and rain,michael ray,0,0,0,0,1.0,6565.0
one mississippi,kane brown,0,0,0,0,3.0,15784.0
switches and dracs,moneybagg yo featuring lil durk and est gee,0,0,0,0,,
jugaste y sufri,eslabon armado featuring dannylux,0,0,0,0,6.0,315314.0
too easy,gunna and future,0,0,0,0,16.0,156612.0
esta danada,ivan cornejo,0,0,0,0,2.0,130537.0
volvi,aventura x bad bunny,0,0,0,0,,
tequila little time,jon pardi,0,0,0,0,7.0,11914.0
whole lotta money,bia featuring nicki minaj,0,0,0,0,17.0,498566.0
2055,sleepy hallow,0,0,0,0,10.0,181850.0
maybach,42 dugg featuring future,0,0,0,0,,
wfm,realestk,0,0,0,0,3.0,95254.0
poke it out,wale featuring j. cole,0,0,0,0,10.0,53210.0
praise god,kanye west,0,0,0,0,16.0,1793144.0
lo siento bb,"tainy, bad bunny and julieta venegas",0,0,0,0,,
freedom was a highway,jimmie allen and brad paisley,0,0,0,0,0.0,6808.0
for tonight,giveon,0,0,0,0,5.0,205498.0
thot shit,megan thee stallion,0,0,0,0,21.0,863903.0
like a lady,lady a,0,0,0,0,2.0,
get into it,doja cat,0,0,0,0,18.0,835937.0
scorpio,moneybagg yo,0,0,0,0,12.0,63227.0
big energy,latto,0,0,0,0,8.0,261472.0
half of my hometown,kelsea ballerini featuring kenny chesney,0,0,0,0,3.0,21561.0
money,lisa,0,0,0,0,5.0,993223.0
no friends in the industry,drake,0,0,0,0,16.0,492657.0
ya superame,grupo firme,0,0,1,0,1.0,13560.0
who's in your head,jonas brothers,0,0,0,0,1.0,32942.0
in the bible,drake featuring lil durk and giveon,0,0,0,0,,
just about over you,priscilla block,0,0,0,0,1.0,23287.0
to be loved by you,parker mccollum,0,0,0,0,1.0,22586.0
ain't shit,doja cat,0,0,0,0,22.0,1224386.0
life goes on,oliver tree,0,0,0,0,9.0,234743.0
come through,h.e.r. featuring chris brown,0,0,0,0,1.0,106568.0
nevada,youngboy never broke again,0,0,0,0,8.0,448678.0
leave before you love me,marshmello x jonas brothers,0,0,0,0,,
deja vu,olivia rodrigo,0,0,0,0,11.0,2939281.0
ex for a reason,summer walker and jt,0,0,0,0,2.0,176046.0
late at night,roddy ricch,0,0,0,0,11.0,200794.0
livin it up,young thug with post malone and a$ap rocky,0,0,0,0,,
stressed,young thug with j. cole and t-shyne,0,0,0,0,,
rich n a shit,young thug with juice wrld,0,0,0,0,,
yonaguni,bad bunny,0,0,0,0,7.0,1331830.0
champagne poetry,drake,0,0,0,0,27.0,861001.0
let somebody go,coldplay x selena gomez,0,0,0,0,,
you time,scotty mccreery,0,0,0,0,0.0,
peepin out the window,young thug with future and bslime,0,0,0,0,3.0,56908.0
woo baby,pop smoke featuring chris brown,0,0,0,0,10.0,250619.0
flocky flocky,don toliver featuring travis scott,0,0,0,0,7.0,157059.0
peaches,justin bieber featuring daniel caesar and giveon,0,0,0,0,,
todo de ti,rauw alejandro,0,0,0,0,4.0,313320.0
drinkin' beer talkin' god amen,chase rice featuring florida georgia line,0,0,0,0,0.0,
your heart,joyner lucas and j. cole,0,0,0,0,,
summer of love,shawn mendes and tainy,0,0,0,0,,
waves,luke bryan,0,0,0,0,0.0,6803.0
life support,youngboy never broke again,0,0,0,0,8.0,233403.0
bad morning,youngboy never broke again,0,0,0,0,16.0,116149.0
intro,meek mill,0,0,0,0,17.0,285737.0
drunk,elle king and miranda lambert,0,0,0,0,,
butter,bts,0,0,0,0,13.0,3632561.0
hot,meek mill featuring moneybagg yo,0,0,0,0,,
expensive pain,meek mill,0,0,0,0,16.0,62016.0
on my soul,meek mill,0,0,0,0,2.0,39427.0
blue note ii,meek mill featuring lil uzi vert,0,0,0,0,,
outside,meek mill,0,0,0,0,2.0,33657.0
last one standing,"skylar grey, polo g, mozzy and eminem",0,0,0,0,,
the feels,twice,0,0,0,0,1.0,475786.0
me,meek mill featuring a$ap ferg,0,0,0,0,,
love train,meek mill,0,0,0,0,5.0,55984.0
feelin like tunechi,lil wayne featuring rich the kid,0,0,0,0,,
ride for you,meek mill featuring kehlani,0,0,0,0,2.0,31581.0
tsu,drake,0,0,0,0,21.0,914659.0
love all,drake featuring jay-z,0,0,0,0,15.0,799809.0
no where,youngboy never broke again,0,0,0,0,4.0,91031.0
on my side,youngboy never broke again,0,0,0,0,4.0,18462.0
things a man oughta know,lainey wilson,0,0,0,0,1.0,46044.0
hold me down,youngboy never broke again,0,0,0,0,6.0,45694.0
50 shots,youngboy never broke again,0,0,0,0,6.0,44174.0
smoke strong,youngboy never broke again,0,0,0,0,8.0,36477.0
break or make me,youngboy never broke again,0,0,0,0,2.0,86728.0
sincerely,youngboy never broke again,0,0,0,0,5.0,75399.0
i can't take it back,youngboy never broke again,0,0,0,0,10.0,64074.0
rumors,lizzo featuring cardi b,0,0,0,0,,
forgiato,youngboy never broke again,0,0,0,0,5.0,46719.0
rich shit,youngboy never broke again,0,0,0,0,1.0,9641.0
n 2 deep,drake featuring future,0,0,0,0,7.0,554378.0
baddest thing,youngboy never broke again,0,0,0,0,12.0,57041.0
pipe down,drake,0,0,0,0,11.0,533665.0
papi's home,drake,0,0,0,0,16.0,531179.0
toxic punk,youngboy never broke again,0,0,0,0,5.0,82172.0
moon,kanye west,0,0,0,0,9.0,1111497.0
wildest dreams,taylor swift,0,0,0,0,12.0,1080485.0
arcade,duncan laurence,0,0,0,0,5.0,942413.0
scoop,lil nas x featuring doja cat,0,0,0,0,,
dolla sign slime,lil nas x featuring megan thee stallion,0,0,0,0,13.0,149650.0
lonely,dababy x lil wayne,0,0,0,0,,
dead right now,lil nas x,0,0,0,0,18.0,186658.0
tales of dominica,lil nas x,0,0,0,0,5.0,151943.0
one of me,lil nas x featuring elton john,0,0,0,0,9.0,155436.0
race my mind,drake,0,0,0,0,9.0,407832.0
lost in the citadel,lil nas x,0,0,0,0,3.0,136369.0
sun goes down,lil nas x,0,0,0,0,5.0,391288.0
7am on bridle path,drake,0,0,0,0,57.0,805387.0
off the grid,kanye west,0,0,0,0,39.0,2277190.0
in da getto,j balvin and skrillex,0,0,0,0,,
skate,silk sonic (bruno mars and anderson .paak),0,0,0,0,,
am i dreaming,lil nas x featuring miley cyrus,0,0,0,0,2.0,134331.0
don't go yet,camila cabello,0,0,0,0,10.0,200033.0
country again,thomas rhett,0,0,0,0,0.0,9196.0
range brothers,baby keem and kendrick lamar,0,0,0,0,46.0,625578.0
every chance i get,dj khaled featuring lil baby and lil durk,0,0,0,0,,
imy2,drake featuring kid cudi,0,0,0,0,,
yebba's heartbreak,drake and yebba,0,0,0,0,,
get along better,drake featuring ty dolla $ign,0,0,0,0,5.0,266412.0
you only live twice,drake featuring lil wayne and rick ross,0,0,0,0,0.0,
lalisa,lisa,0,0,0,0,4.0,591201.0
fountains,drake featuring tems,0,0,0,0,,
single saturday night,cole swindell,0,0,0,0,0.0,8621.0
we didn't have much,justin moore,0,0,0,0,2.0,8077.0
jail,kanye west,0,0,0,0,23.0,1303167.0
fucking fans,drake,0,0,0,0,9.0,378607.0
the remorse,drake,0,0,0,0,19.0,312569.0
ok ok,kanye west,0,0,0,0,17.0,732816.0
junya,kanye west,0,0,0,0,14.0,714890.0
believe what i say,kanye west,0,0,0,0,10.0,649229.0
jonah,kanye west,0,0,0,0,16.0,859513.0
jesus lord,kanye west,0,0,0,0,30.0,920113.0
motley crew,post malone,0,0,0,0,8.0,385761.0
remote control,kanye west,0,0,0,0,13.0,594864.0
god breathed,kanye west,0,0,0,0,8.0,514092.0
heartbreak anniversary,giveon,0,0,0,0,8.0,750668.0
forever after all,luke combs,0,0,0,0,11.0,291499.0
heaven and hell,kanye west,0,0,0,0,16.0,561873.0
24,kanye west,0,0,0,0,10.0,601090.0
pure souls,kanye west,0,0,0,0,23.0,726182.0
no child left behind,kanye west,0,0,0,0,4.0,694473.0
donda,kanye west,0,0,0,0,6.0,679413.0
keep my spirit alive,kanye west,0,0,0,0,13.0,688017.0
jail pt 2,kanye west,0,0,0,0,11.0,553275.0
i am not a woman i'm a god,halsey,0,0,0,0,17.0,293733.0
new again,kanye west,0,0,0,0,16.0,562101.0
lord i need you,kanye west,0,0,0,0,21.0,494123.0
come to life,kanye west,0,0,0,0,14.0,624062.0
tell the vision,kanye west,0,0,0,0,3.0,270919.0
brutal,olivia rodrigo,0,0,0,0,11.0,1112973.0
am,nio garcia x j balvin x bad bunny,0,0,0,0,,
repeat it,lil tecca and gunna,0,0,0,0,0.0,
matt hardy 999,trippie redd featuring juice wrld,0,0,0,0,34.0,425850.0
blinding lights,the weeknd,0,0,0,0,11.0,3040202.0
glad you exist,dan + shay,0,0,0,0,2.0,42053.0
without you,the kid laroi,0,0,0,0,2.0,820483.0
astronaut in the ocean,masked wolf,0,0,0,0,4.0,800868.0
rapstar,polo g,0,0,0,0,17.0,1371627.0
famous friends,chris young + kane brown,0,0,0,0,9.0,21530.0
lil bit,nelly and florida georgia line,0,0,0,0,,
beautiful mistakes,maroon 5 featuring megan thee stallion,0,0,0,0,,
rich mf,trippie redd featuring lil durk and polo g,0,0,0,0,,
already won,rod wave featuring lil durk,0,0,0,0,2.0,80548.0
betrayal,trippie redd featuring drake,0,0,0,0,,
don't go,"skrillex, justin bieber and don toliver",0,0,0,0,,
tombstone,rod wave,0,0,0,0,12.0,396338.0
visiting hours,ed sheeran,0,0,0,0,4.0,461247.0
holy smokes,trippie redd featuring lil uzi vert,0,0,0,0,,
miss the rage,trippie redd and playboi carti,0,0,0,0,,
you,regard x troye sivan x tate mcrae,0,0,0,0,,
mp5,trippie redd featuring sofaygo,0,0,0,0,32.0,78150.0
paralyzed,sueco,0,0,0,0,3.0,163139.0
i guess i'm in love,clinton kane,0,0,0,0,2.0,576394.0
get ready,rod wave featuring kodak black,0,0,0,0,5.0,55227.0
danny phantom,trippie redd featuring xxxtentacion,0,0,0,0,16.0,74510.0
what's wrong,rod wave,0,0,0,0,1.0,87341.0
demon time,trippie redd featuring ski mask the slump god,0,0,0,0,,
tick tock,young thug,0,0,0,0,5.0,60924.0
permission to dance,bts,0,0,0,0,3.0,1175774.0
time heals,rod wave,0,0,0,0,1.0,60280.0
mind of melvin,ynw melly featuring lil uzi vert,0,0,0,0,10.0,195645.0
papercuts,machine gun kelly,0,0,0,0,10.0,175257.0
suvs,jack harlow and pooh shiesty,0,0,0,0,,
straightenin,migos,0,0,0,0,22.0,252281.0
blame it on you,jason aldean,0,0,0,0,0.0,8412.0
hats off,"lil baby, lil durk and travis scott",0,0,0,0,,
over the top,smiley featuring drake,0,0,0,0,16.0,306376.0
brainwashed,tom macdonald,0,0,0,0,16.0,18359.0
my life,"j. cole, 21 savage and morray",0,0,0,0,,
wusyaname,"tyler, the creator featuring youngboy never broke again and ty dolla $ign",1,0,0,0,0.0,
favorite crime,olivia rodrigo,0,0,0,0,12.0,1111365.0
outside,mo3 x og bobby billions,0,0,0,0,,
ball if i want to,dababy,0,0,0,0,7.0,72795.0
next girl,carly pearce,0,0,0,0,1.0,6359.0
i like dat,t-pain and kehlani,0,0,0,0,2.0,43540.0
steal my love,dan + shay,0,0,0,0,0.0,14633.0
5500 degrees,"est gee featuring lil baby, 42 dugg and rylo rodriguez",0,0,0,0,,
telepatia,kali uchis,0,0,0,0,4.0,601116.0
my ex's best friend,machine gun kelly x blackbear,0,0,0,0,,
nda,billie eilish,0,0,0,0,14.0,801795.0
epmd 2,nas featuring eminem and epmd,0,0,0,0,,
lose,ksi x lil wayne,0,0,0,0,,
i hope ur miserable until ur dead,nessa barrett,0,0,0,0,11.0,254567.0
not sober,the kid laroi featuring polo g and stunna gambino,0,0,0,0,,
happier,olivia rodrigo,0,0,0,0,7.0,1683619.0
twerkulator,city girls,0,0,0,0,8.0,242423.0
fiel,"los legendarios, wisin and jhay cortez",0,0,0,0,,
rare,nas,0,0,0,0,15.0,75061.0
best friend,saweetie featuring doja cat,0,0,0,0,,
mood,24kgoldn featuring iann dior,0,0,0,0,,
one too many,keith urban duet with p!nk,0,0,0,0,,
getting older,billie eilish,0,0,0,0,9.0,543153.0
billie bossa nova,billie eilish,0,0,0,0,12.0,638910.0
oxytocin,billie eilish,0,0,0,0,8.0,551319.0
i didn't change my number,billie eilish,0,0,0,0,8.0,403672.0
way less sad,ajr,0,0,0,0,15.0,150507.0
lost cause,billie eilish,0,0,0,0,11.0,471312.0
halley's comet,billie eilish,0,0,0,0,9.0,595616.0
my future,billie eilish,0,0,0,0,4.0,1478042.0
build a bitch,bella poarch,0,0,0,0,9.0,1201776.0
from the garden,isaiah rashad featuring lil uzi vert,0,0,0,0,17.0,93464.0
working,tate mcrae x khalid,0,0,0,0,,
wants and needs,drake featuring lil baby,0,0,0,0,3.0,
settling down,miranda lambert,0,0,0,0,0.0,20413.0
gone,dierks bentley,0,0,0,0,0.0,11601.0
red light green light,dababy,0,0,0,0,16.0,66351.0
better believe,"belly, the weeknd and young thug",0,0,0,0,,
lick back,est gee,0,0,0,0,13.0,63700.0
ski,young thug and gunna,0,0,0,0,,
minimum wage,blake shelton,0,0,0,0,1.0,48481.0
still chose you,the kid laroi featuring mustard,0,0,0,0,5.0,156843.0
drivers license,olivia rodrigo,0,0,0,0,17.0,4657452.0
tell the vision,pop smoke featuring kanye west and pusha t,0,0,0,0,,
pov,ariana grande,0,0,0,0,17.0,1636571.0
bout a million,pop smoke featuring 21 savage and 42 dugg,0,0,0,0,13.0,130663.0
mr jones,pop smoke featuring future,0,0,0,0,7.0,100470.0
more time,pop smoke,0,0,0,0,17.0,95975.0
manslaughter,pop smoke featuring rick ross and the-dream,0,0,0,0,,
demeanor,pop smoke featuring dua lipa,0,0,0,0,,
transparentsoul,willow featuring travis barker,0,0,0,0,,
am i the only one,aaron lewis,0,0,0,0,13.0,147940.0
30,pop smoke featuring bizzy banks,0,0,0,0,0.0,
jealousy jealousy,olivia rodrigo,0,0,0,0,8.0,1032232.0
calling my phone,lil tjay featuring 6lack,0,0,0,0,,
breaking up was easy in the 90's,sam hunt,0,0,0,0,1.0,23663.0
the jackie,bas with j. cole and lil tjay,0,0,0,0,,
follow you,imagine dragons,0,0,0,0,2.0,218358.0
volando,"mora, bad bunny and sech",0,0,0,0,,
4 da gang,42 dugg and roddy ricch,0,0,0,0,40.0,142479.0
de museo,bad bunny,0,0,0,0,7.0,177745.0
wasting time,brent faiyaz featuring drake,0,0,0,0,,
all i know so far,p!nk,0,0,0,0,2.0,92350.0
levitating,dua lipa featuring dababy,0,0,0,0,,
track star,mooski,0,0,0,0,2.0,299023.0
renegade,big red machine featuring taylor swift,0,0,0,0,,
cry no more,g herbo featuring polo g and lil tjay,0,0,0,0,,
essence,wizkid featuring tems,0,0,0,0,,
made for you,jake owen,0,0,0,0,0.0,66422.0
having our way,migos featuring drake,0,0,0,0,20.0,329242.0
what's next,drake,0,0,0,0,15.0,531635.0
enough for you,olivia rodrigo,0,0,0,0,7.0,733601.0
juggernaut,"tyler, the creator featuring lil uzi vert and pharrell williams",0,0,0,0,,
tell em,cochise and $not,0,0,0,0,,
lemonhead,"tyler, the creator featuring 42 dugg",0,0,0,0,,
lumberjack,"tyler, the creator",0,0,0,0,24.0,613401.0
almost maybes,jordan davis,0,0,0,0,5.0,14428.0
hot wind blows,"tyler, the creator featuring lil wayne",0,0,0,0,14.0,390025.0
corso,"tyler, the creator",0,0,0,0,15.0,465096.0
i don't do drugs,doja cat featuring ariana grande,0,0,0,0,11.0,427497.0
sir baudelaire,"tyler, the creator featuring dj drama",0,0,0,0,31.0,324031.0
sweet i thought you wanted to dance,"tyler, the creator featuring brent faiyaz and fana hues",0,0,0,0,54.0,830683.0
massa,"tyler, the creator",0,0,0,0,41.0,418146.0
runitup,"tyler, the creator featuring teezo touchdown",0,0,0,0,,
manifesto,"tyler, the creator featuring domo genesis",0,0,0,0,,
wilshire,"tyler, the creator",0,0,0,0,52.0,603146.0
rise,"tyler, the creator featuring daisy world",0,0,0,0,,
what you know bout love,pop smoke,0,0,0,0,1.0,596293.0
time today,moneybagg yo,0,0,0,0,13.0,186671.0
up,cardi b,0,0,0,0,13.0,2993417.0
beat box,spotemgottem featuring pooh shiesty or dababy,0,0,0,0,,
nobody,dylan scott,0,0,0,0,0.0,11836.0
no return,polo g featuring the kid laroi and lil durk,0,0,0,0,,
no more parties,coi leray featuring lil durk,0,0,0,0,6.0,293399.0
quicksand,morray,0,0,0,0,17.0,150478.0
gang gang,polo g and lil wayne,0,0,0,0,16.0,183589.0
pick up your feelings,jazmine sullivan,0,0,0,0,4.0,135369.0
avalanche,migos,0,0,0,0,16.0,164033.0
we're good,dua lipa,0,0,0,0,5.0,483992.0
pride is the devil,j. cole and lil baby,0,0,0,0,12.0,953204.0
still runnin,"lil baby, lil durk and meek mill",0,0,0,0,15.0,139763.0
how it feels,lil baby and lil durk,0,0,0,0,6.0,131994.0
black hearted,polo g,0,0,0,0,14.0,187664.0
painting pictures,polo g,0,0,0,0,11.0,130909.0
modern day,migos,0,0,0,0,14.0,114160.0
toxic,polo g,0,0,0,0,8.0,155450.0
solar power,lorde,0,0,0,0,13.0,603338.0
malibu,migos featuring polo g,0,0,0,0,,
type shit,migos and cardi b,0,0,0,0,7.0,98869.0
clueless,polo g featuring pop smoke and fivio foreign,0,0,0,0,,
voice of the heroes,lil baby and lil durk,0,0,0,0,15.0,169322.0
heart of a giant,polo g featuring rod wave,0,0,0,0,2.0,95935.0
party lyfe,polo g featuring dababy,0,0,0,0,2.0,67729.0
go part 1,polo g featuring g herbo,0,0,0,0,8.0,73431.0
epidemic,polo g,0,0,0,0,17.0,382384.0
boom,polo g,0,0,0,0,8.0,62436.0
2040,lil baby and lil durk,0,0,0,0,,
1 step forward 3 steps back,olivia rodrigo,0,0,0,0,10.0,923150.0
bloody canvas,polo g,0,0,0,0,30.0,159493.0
who i want,lil baby and lil durk,0,0,0,0,20.0,152477.0
back in blood,pooh shiesty featuring lil durk,0,0,0,0,17.0,705271.0
still hood,lil baby and lil durk,0,0,0,0,7.0,77011.0
okay,lil baby and lil durk,0,0,0,0,12.0,145123.0
man of my word,lil baby and lil durk,0,0,0,0,6.0,94358.0
medical,lil baby and lil durk,0,0,0,0,8.0,57351.0
rich off pain,"lil baby, lil durk and rod wave",0,0,0,0,3.0,112518.0
lying,lil baby and lil durk,0,0,0,0,4.0,54508.0
snowflakes,tom macdonald,0,0,0,0,4.0,
that's facts,lil baby and lil durk,0,0,0,0,10.0,84315.0
your power,billie eilish,0,0,0,0,7.0,2047799.0
please,lil baby and lil durk,0,0,0,0,11.0,97259.0
up the side,"lil baby, lil durk and young thug",0,0,0,0,3.0,58562.0
hope ur ok,olivia rodrigo,0,0,0,0,10.0,838111.0
if you want to,lil baby and lil durk,0,0,0,0,6.0,64449.0
seeing green,"nicki minaj, drake and lil wayne",0,0,0,0,41.0,869127.0
the good ones,gabby barrett,0,0,0,0,2.0,71516.0
hell of a view,eric church,0,0,0,0,0.0,15774.0
on me,lil baby,0,0,0,0,17.0,1083512.0
killer,eminem featuring jack harlow and cordae,0,0,0,0,,
amari,j. cole,0,0,0,0,32.0,387887.0
goosebumps,travis scott and hvme,0,0,0,0,,
solid,young thug and gunna featuring drake,0,0,0,0,,
hello,pop smoke featuring a boogie wit da hoodie,0,0,0,0,,
the business,tiesto,0,0,0,0,1.0,120366.0
95 south,j. cole,0,0,0,0,30.0,13527.0
drankin n smokin,future and lil uzi vert,0,0,0,0,,
hold on,justin bieber,0,0,0,0,3.0,331134.0
wasted on you,morgan wallen,0,0,0,0,3.0,293401.0
botella tras botella,gera mx + christian nodal,0,0,0,0,,
interlude,j. cole,0,0,0,0,1.0,30451.0
applying pressure,j. cole,0,0,0,0,12.0,522284.0
streets,doja cat,0,0,0,0,16.0,1047349.0
100 mil',j. cole and bas,0,0,0,0,,
let go my hand,"j. cole, bas and 6lack",0,0,0,0,15.0,650815.0
24 hours,a boogie wit da hoodie featuring lil durk,0,0,0,0,1.0,161554.0
punchin' the clock,j. cole,0,0,0,0,15.0,385583.0
the climb back,j. cole,0,0,0,0,,
hunger on hillside,j. cole and bas,0,0,0,0,,
close,j. cole,0,0,0,0,,
fractions,nicki minaj,0,0,0,0,37.0,310596.0
his and hers,"internet money, don toliver and lil uzi vert featuring gunna",0,0,0,0,1.0,
white teeth,youngboy never broke again,0,0,0,0,2.0,83521.0
itty bitty piggy,nicki minaj,0,0,0,0,27.0,1057757.0
street runner,rod wave,0,0,0,0,12.0,439248.0
la noche de anoche,bad bunny and rosalia,0,0,0,0,,
shottas,moneybagg yo,0,0,0,0,6.0,28992.0
never left,lil tecca,0,0,0,0,9.0,152450.0
higher power,coldplay,0,0,0,0,8.0,230384.0
lady,brett young,0,0,0,0,1.0,44723.0
crocodile teeth,nicki minaj and skillibeng,0,0,0,0,4.0,153137.0
34 35,ariana grande feat. doja cat and megan thee stallion,0,0,0,0,,
positions,ariana grande,0,0,0,0,10.0,2066230.0
you broke me first,tate mcrae,0,0,0,0,11.0,481210.0
dakiti,bad bunny and jhay cortez,0,0,0,0,,
you're mines still,yung bleu featuring drake,0,0,0,0,14.0,680257.0
therefore i am,billie eilish,0,0,0,0,6.0,1730050.0
what's your country song,thomas rhett,0,0,0,0,27.0,30766.0
good days,sza,0,0,0,0,14.0,2690459.0
just the way,parmalee x blanco brown,0,0,0,0,,
ramen and oj,joyner lucas and lil baby,0,0,0,0,2.0,
down to one,luke bryan,0,0,0,0,0.0,12338.0
hard for the next,moneybagg yo and future,0,0,0,0,,
what you need,don toliver,0,0,0,0,7.0,138753.0
i did it,"dj khaled featuring post malone, megan thee stallion, lil baby and dababy",0,0,0,0,0.0,
tampa,cico p,0,0,0,0,12.0,95623.0
big gangsta,kevin gates,0,0,0,0,7.0,193307.0
hellcats and trackhawks,lil durk,0,0,0,0,2.0,
let it go,dj khaled featuring justin bieber and 21 savage,0,0,0,0,,
richer,rod wave featuring polo g,0,0,0,0,,
headshot,"lil tjay, polo g and fivio foreign",0,0,0,0,,
go,moneybagg yo featuring big30,0,0,0,0,,
without you,the kid laroi and miley cyrus,0,0,0,0,,
go crazy,chris brown and young thug,0,0,0,0,,
34 35,ariana grande,0,0,0,0,9.0,2977660.0
sorry not sorry,"dj khaled featuring nas, jay-z and james fauntleroy",0,0,0,0,,
somebody like that,tenille arts,0,0,0,0,0.0,9339.0
body in motion,"dj khaled featuring bryson tiller, lil baby and roddy ricch",0,0,0,0,,
big paper,dj khaled featuring cardi b,0,0,0,0,16.0,91840.0
durag activity,baby keem and travis scott,0,0,0,0,,
final warning,nle choppa,0,0,0,0,19.0,129244.0
if pain was a person,moneybagg yo,0,0,0,0,0.0,72549.0
thankful,dj khaled featuring lil wayne and jeremih,0,0,0,0,,
for the night,pop smoke featuring lil baby and dababy,0,0,0,0,,
willow,taylor swift,0,0,0,0,17.0,1730056.0
damage,h.e.r.,0,0,0,0,3.0,224089.0
free promo,moneybagg yo featuring polo g and lil durk,0,0,0,0,5.0,27534.0
just say det,moneybagg yo,0,0,0,0,1.0,19437.0
anyone,justin bieber,0,0,0,0,4.0,599042.0
my head and my heart,ava max,0,0,0,0,5.0,99588.0
how they remember you,rascal flatts,0,0,0,0,2.0,20623.0
masterpiece,dababy,0,0,0,0,7.0,89512.0
long live,florida georgia line,0,0,0,0,1.0,5268.0
clear da air,moneybagg yo,0,0,0,0,1.0,15007.0
save your tears,the weeknd,0,0,0,0,7.0,2098852.0
starting over,chris stapleton,0,0,0,0,11.0,242547.0
diamonds dancing,young thug and gunna featuring travis scott,0,0,0,0,,
cry baby,megan thee stallion featuring dababy,0,0,0,0,,
proud of you,young thug featuring lil uzi vert and yung kayo,0,0,0,0,,
came and saw,young thug featuring rowdy rebel,0,0,0,0,1.0,80138.0
paid the fine,young thug and gunna featuring lil baby and ytb trench,0,0,0,0,,
momma's house,dustin lynch,0,0,0,0,6.0,8222.0
mr perfectly fine,taylor swift,0,0,0,0,30.0,852928.0
run it up,lil tjay featuring offset and moneybagg yo,0,0,0,0,,
you got it,vedo,0,0,0,0,3.0,180324.0
monsters,all time low featuring demi lovato and blackbear,0,0,0,0,,
slatty,young thug and gunna featuring yak gotti and lil duke,0,0,0,0,,
ruff ryders' anthem,dmx,0,0,0,0,10.0,468473.0
party up,dmx,0,0,0,0,15.0,667138.0
x gon' give it to ya,dmx,0,0,0,0,22.0,776129.0
love story,taylor swift,0,0,0,0,13.0,1733708.0
forever and always,taylor swift,0,0,0,0,,
fearless,taylor swift,0,0,0,0,8.0,355848.0
you all over me,taylor swift featuring maren morris,0,0,0,0,,
you belong with me,taylor swift,0,0,0,0,8.0,1815314.0
shy away,twenty one pilots,0,0,0,0,9.0,394142.0
fifteen,taylor swift,0,0,0,0,14.0,259791.0
big purr,coi leray and pooh shiesty,0,0,0,0,5.0,207803.0
met him last night,demi lovato featuring ariana grande,0,0,0,0,,
the way i loved you,taylor swift,0,0,0,0,9.0,273172.0
dancing with the devil,demi lovato,0,0,0,0,13.0,294411.0
real as it gets,lil baby featuring est gee,0,0,0,0,11.0,82540.0
put your records on,ritt momney,0,0,0,0,8.0,77959.0
whoopty,cj,0,0,0,0,13.0,1007928.0
lemon pepper freestyle,drake featuring rick ross,0,0,0,0,38.0,938442.0
film out,bts,0,0,0,0,1.0,57374.0
body,megan thee stallion,0,0,0,0,12.0,873997.0
as i am,justin bieber featuring khalid,0,0,0,0,5.0,214646.0
girl like me,black eyed peas x shakira,0,0,0,0,,
buss it,erica banks,0,0,0,0,8.0,44211.0
dynamite,bts,0,0,0,0,7.0,4599526.0
soulfly,rod wave,0,0,0,0,5.0,103319.0
gone till november,rod wave,0,0,0,0,4.0,88899.0
don't forget,rod wave,0,0,0,0,11.0,100421.0
blame on you,rod wave,0,0,0,0,5.0,55697.0
all i got,rod wave,0,0,0,0,2.0,56343.0
pills and billz,rod wave,0,0,0,0,1.0,34113.0
how the game go,rod wave,0,0,0,0,5.0,33644.0
omdb,rod wave,0,0,0,0,6.0,65268.0
clouds,nf,0,0,0,0,22.0,700319.0
what's love,rod wave,0,0,0,0,6.0,61110.0
shock da world,rod wave,0,0,0,0,5.0,45740.0
sneaky links,rod wave,0,0,0,0,1.0,84311.0
better together,luke combs,0,0,0,0,5.0,138898.0
good time,niko moon,0,0,0,0,0.0,57821.0
unstable,justin bieber featuring the kid laroi,0,0,0,0,,
off my face,justin bieber,0,0,0,0,5.0,330097.0
2 much,justin bieber,0,0,0,0,6.0,240147.0
deserve you,justin bieber,0,0,0,0,2.0,141798.0
die for you,justin bieber featuring dominic fike,0,0,0,0,1.0,129362.0
love you different,justin bieber featuring beam,0,0,0,0,3.0,94098.0
loved by you,justin bieber featuring burna boy,0,0,0,0,4.0,153703.0
somebody,justin bieber,0,0,0,0,2.0,128039.0
neighbors,pooh shiesty featuring big30,0,0,0,0,,
bandido,myke towers and juhn,0,0,0,0,,
beers and sunshine,darius rucker,0,0,0,0,1.0,10874.0
throat baby,brs kash,0,0,0,0,1.0,231472.0
on the ground,rose,1,0,0,0,7.0,1037388.0
lost,nf featuring hopsin,0,0,0,0,,
baila conmigo,selena gomez with rauw alejandro,0,0,0,0,,
like i want you,giveon,0,0,0,0,11.0,411145.0
daywalker,machine gun kelly and corpse,0,0,0,0,,
opp stoppa,ybn nahmir featuring 21 savage,0,0,0,0,18.0,135717.0
still trappin',lil durk and king von,0,0,0,0,,
finesse out the gang way,lil durk featuring lil baby,0,0,0,0,23.0,187761.0
undivided,tim mcgraw and tyler hubbard,0,0,0,0,2.0,17137.0
holy,justin bieber featuring chance the rapper,0,0,0,0,,
golden,harry styles,0,0,0,0,9.0,983024.0
lifestyle,jason derulo featuring adam levine,0,0,0,0,,
moonwalking in calabasas,ddg,0,0,0,0,19.0,104875.0
tyler herro,jack harlow,0,0,0,0,25.0,502451.0
somebody's problem,morgan wallen,0,0,0,0,6.0,259671.0
cover me up,morgan wallen,0,0,0,0,4.0,277916.0
life's a mess ii,"juice wrld, clever and post malone",0,0,0,0,7.0,132906.0
ap,pop smoke,0,0,0,0,8.0,139805.0
i hope,gabby barrett featuring charlie puth,0,0,0,0,,
bang,ajr,0,0,0,0,15.0,605150.0
lemonade,internet money and gunna featuring don toliver and nav,0,0,0,0,,
lonely,justin bieber and benny blanco,0,0,0,0,,
laugh now cry later,drake featuring lil durk,0,0,0,0,,
only wanna be with you,post malone,0,0,0,0,7.0,73912.0
hole in the bottle,kelsea ballerini,0,0,0,0,1.0,20866.0
bichota,karol g,0,0,0,0,2.0,111001.0
test drive,ariana grande,0,0,0,0,8.0,199590.0
hit bout it,lil yachty featuring kodak black,0,0,0,0,8.0,87997.0
chicken tendies,clinton kane,0,0,0,0,5.0,127700.0
zaza,6ix9ine,0,0,0,0,11.0,129392.0
afterglow,ed sheeran,0,0,0,0,2.0,636224.0
monster,shawn mendes and justin bieber,0,0,0,0,,
before you go,lewis capaldi,0,0,0,0,10.0,1663507.0
what it feels like,nipsey hussle and jay-z,0,0,0,0,14.0,149175.0
so done,the kid laroi,0,0,0,0,1.0,256111.0
happy does,kenny chesney,0,0,0,0,0.0,6275.0
big big plans,chris lane,0,0,0,0,1.0,34269.0
back to the streets,saweetie featuring jhene aiko,0,0,0,0,5.0,183130.0
bad boy,juice wrld and young thug,0,0,0,0,,
kings and queens,ava max,0,0,0,0,,
rockstar,dababy featuring roddy ricch,0,0,0,0,,
gnf,polo g,0,0,0,0,9.0,147616.0
provide,g-eazy featuring chris brown and mark morrison,0,0,0,0,,
865,morgan wallen,0,0,0,0,6.0,112589.0
box of churches,pooh shiesty featuring 21 savage,0,0,0,0,10.0,33743.0
dangerous,morgan wallen,0,0,0,0,4.0,75634.0
warning,morgan wallen,0,0,0,0,2.0,78609.0
still goin down,morgan wallen,0,0,0,0,7.0,155319.0
prisoner,miley cyrus featuring dua lipa,0,0,0,0,,
skin,sabrina carpenter,0,0,0,0,6.0,1289500.0
7 summers,morgan wallen,0,0,0,0,18.0,392495.0
more than my hometown,morgan wallen,0,0,0,0,10.0,112303.0
whats poppin,"jack harlow featuring dababy, tory lanez and lil wayne",0,0,0,0,,
should've ducked,lil durk featuring pooh shiesty,0,0,0,0,18.0,232571.0
diamonds,sam smith,0,0,0,0,2.0,388577.0
gravity,"brent faiyaz and dj dahi featuring tyler, the creator",0,0,0,0,,
holiday,lil nas x,0,0,0,0,13.0,651379.0
stay down,"lil durk, 6lack and young thug",0,0,0,0,,
kanye krazy,lil durk,0,0,0,0,10.0,83853.0
backdoor,lil durk,0,0,0,0,3.0,205380.0
fake woke,tom macdonald,0,0,0,0,32.0,131926.0
mr right now,21 savage and metro boomin featuring drake,0,0,0,0,,
savage love,jawsh 685 x jason derulo,0,0,0,0,,
lo vas a olvidar,billie eilish and rosalia,0,0,0,0,,
take you dancing,jason derulo,0,0,0,0,5.0,127021.0
hit different,sza featuring ty dolla $ign,0,0,0,0,,
champagne night,lady a,0,0,0,0,1.0,13802.0
kacey talk,youngboy never broke again,0,0,0,0,7.0,188892.0
adderall,popp hunna,0,0,0,0,10.0,371975.0
antes,anuel aa and ozuna,0,0,0,0,3.0,20506.0
i should probably go to bed,dan + shay,0,0,0,0,1.0,67583.0
wap,cardi b featuring megan thee stallion,0,0,0,0,,
love you like i used to,russell dickerson,0,0,0,0,0.0,19804.0
de una vez,selena gomez,0,0,0,0,2.0,240684.0
better days,ant clemons featuring justin timberlake,0,0,0,0,0.0,7873.0
hawai,maluma and the weeknd,0,0,0,0,,
b s,jhene aiko featuring h.e.r.,1,0,0,0,6.0,697367.0
neon eyes,morgan wallen,0,0,0,0,2.0,59415.0
more surprised than me,morgan wallen,0,0,0,0,2.0,33919.0
livin' the dream,morgan wallen,0,0,0,0,6.0,81024.0
whiskey'd my way,morgan wallen,0,0,0,0,0.0,26941.0
your bartender,morgan wallen,0,0,0,0,1.0,29037.0
outlaw,morgan wallen featuring ben burgess,0,0,0,0,2.0,30673.0
only thing that's gone,morgan wallen featuring chris stapleton,0,0,0,0,1.0,25400.0
this bar,morgan wallen,0,0,0,0,0.0,34992.0
wonderin' bout the wind,morgan wallen,0,0,0,0,2.0,32539.0
girl like me,jazmine sullivan featuring h.e.r.,0,0,0,0,8.0,182484.0
midnight sky,miley cyrus,0,0,0,0,7.0,688509.0
happy anywhere,blake shelton featuring gwen stefani,0,0,0,0,0.0,25854.0
pretty heart,parker mccollum,0,0,0,0,2.0,43615.0
watermelon sugar,harry styles,0,0,0,0,4.0,2259838.0
ain't always the cowboy,jon pardi,0,0,0,0,3.0,11018.0
way out,jack harlow featuring big sean,0,0,0,0,13.0,195776.0
some girls,jameson rodgers,0,0,0,0,0.0,53932.0
took her to the o,king von,0,0,0,0,26.0,987190.0
wonder,shawn mendes,0,0,0,0,4.0,633210.0
everywhere but on,matt stell,0,0,0,0,0.0,
reminds me of you,the kid laroi and juice wrld,0,0,0,0,10.0,228898.0
all i want for christmas is you,mariah carey,0,0,0,0,10.0,3202144.0
rockin' around the christmas tree,brenda lee,0,0,0,0,2.0,224717.0
jingle bell rock,bobby helms,0,0,0,0,2.0,216417.0
a holly jolly christmas,burl ives,0,0,0,0,0.0,36248.0
it's the most wonderful time of the year,andy williams,0,0,0,0,4.0,43278.0
run rudolph run,chuck berry,0,0,0,0,2.0,63631.0
feliz navidad,jose feliciano,1,0,0,0,1.0,897037.0
let it snow let it snow let it snow,dean martin,0,0,0,0,0.0,334202.0
the christmas song,nat king cole,0,0,0,0,5.0,581574.0
underneath the tree,kelly clarkson,0,0,0,0,2.0,890785.0
redman,lil durk,0,0,0,0,4.0,124515.0
slay3r,playboi carti,0,0,0,0,19.0,201604.0
go2damoon,playboi carti featuring kanye west,0,0,0,0,,
refugee,lil durk,0,0,0,0,11.0,103392.0
take me home for christmas,dan + shay,0,0,0,0,0.0,11073.0
vamp anthem,playboi carti,0,0,0,0,10.0,349766.0
new n3on,playboi carti,0,0,0,0,16.0,237038.0
death ain't easy,lil durk,0,0,0,0,8.0,118601.0
m3tamorphosis,playboi carti featuring kid cudi,0,0,0,0,,
last christmas,wham!,0,0,0,0,7.0,3490710.0
sleigh ride,the ronettes,0,0,0,0,1.0,172811.0
it's beginning to look a lot like christmas,perry como and the fontane sisters with mitchell ayres and his orchestra,0,0,0,0,,
rudolph the red-nosed reindeer,gene autry,0,0,0,0,2.0,41602.0
santa tell me,ariana grande,0,0,0,0,3.0,663329.0
happy holiday the holiday season,andy williams,0,0,0,0,1.0,52431.0
christmas,darlene love,0,0,0,0,1.0,124636.0
white christmas,bing crosby,0,0,0,0,0.0,237153.0
home for the holidays,perry como,0,0,0,0,1.0,16485.0
it's beginning to look a lot like christmas,michael buble,1,0,0,0,4.0,261045.0
here comes santa claus,gene autry,0,0,0,0,0.0,
wonderful christmastime,paul mccartney,0,0,0,0,5.0,347862.0
you're a mean one mr grinch,thurl ravenscroft,0,0,0,0,4.0,1514865.0
blue christmas,elvis presley,0,0,0,0,6.0,100281.0
mele kalikimaka,bing crosby and the andrews sisters,0,0,0,0,2.0,82170.0
this christmas,donny hathaway,0,0,0,0,0.0,94918.0
deck the halls,nat king cole,0,0,0,0,1.0,8679.0
please come home for christmas,eagles,0,0,0,0,2.0,57583.0
santa claus is comin' to town,jackson 5,0,0,0,0,0.0,40868.0
little saint nick,the beach boys,0,0,0,0,1.0,7519.0
have yourself a merry little christmas,michael buble,1,0,0,0,0.0,18203.0
i'll be home for christmas,bing crosby,0,0,0,0,0.0,111959.0
hallelujah,carrie underwood and john legend,0,0,0,0,0.0,10752.0
gnat,eminem,0,0,0,0,47.0,1307552.0
rockin' around the christmas tree,justin bieber,0,0,0,0,0.0,
favorite time of year,carrie underwood,0,0,0,0,0.0,
under the mistletoe,kelly clarkson and brett eldredge,0,0,0,0,0.0,6792.0
champagne problems,taylor swift,0,0,0,0,24.0,2244894.0
the first noel,gabby barrett,0,0,0,0,0.0,
tequila shots,kid cudi,0,0,0,0,12.0,388032.0
'tis the damn season,taylor swift,0,0,0,0,16.0,961883.0
silent night,carrie underwood,0,0,0,0,0.0,
no body no crime,taylor swift featuring haim,0,0,0,0,14.0,1045360.0
gold rush,taylor swift,0,0,0,0,13.0,1189816.0
tolerate it,taylor swift,0,0,0,0,20.0,2294883.0
she knows this,kid cudi,0,0,0,0,7.0,188468.0
happiness,taylor swift,0,0,0,0,22.0,1523478.0
show out,"kid cudi, skepta and pop smoke",0,0,0,0,,
evermore,taylor swift featuring bon iver,0,0,0,0,,
ivy,taylor swift,0,0,0,0,16.0,1401238.0
coney island,taylor swift featuring the national,0,0,0,0,18.0,850647.0
another day,kid cudi,0,0,0,0,13.0,189216.0
dorothea,taylor swift,0,0,0,0,10.0,822438.0
long story short,taylor swift,0,0,0,0,,
cowboy like me,taylor swift,0,0,0,0,20.0,968198.0
marjorie,taylor swift,0,0,0,0,13.0,754646.0
mr solo dolo iii,kid cudi,0,0,0,0,15.0,204119.0
dive,kid cudi,0,0,0,0,4.0,134413.0
closure,taylor swift,0,0,0,0,21.0,609712.0
heaven on earth,kid cudi,0,0,0,0,3.0,134205.0
sad people,kid cudi,0,0,0,0,8.0,179464.0
damaged,kid cudi,0,0,0,0,6.0,108482.0
errbody,lil baby,0,0,0,0,12.0,121639.0
beautiful trip,kid cudi,0,0,0,0,3.0,50619.0
real shit,juice wrld x benny blanco,0,0,0,0,,
dicked down in dallas,trey lewis,0,0,0,0,13.0,231328.0
oh santa,mariah carey featuring ariana grande and jennifer hudson,0,0,0,0,,
don't stop,megan thee stallion featuring young thug,0,0,0,0,13.0,330076.0
life goes on,bts,0,0,0,0,8.0,364390.0
martin and gina,polo g,0,0,0,0,6.0,679369.0
heather,conan gray,0,1,0,0,17.0,1544669.0
practice,dababy,0,0,0,0,10.0,94411.0
te mudaste,bad bunny,0,0,0,0,4.0,224465.0
be like that,kane brown with swae lee and khalid,0,0,0,0,,
ily,surf mesa featuring emilee,0,0,0,0,,
said sum,moneybagg yo,0,0,0,0,7.0,391068.0
yo visto asi,bad bunny,0,0,0,0,11.0,165168.0
haciendo que me amas,bad bunny,0,0,0,0,3.0,275054.0
te deseo lo mejor,bad bunny,0,0,0,0,3.0,155668.0
booker t,bad bunny,0,0,0,0,11.0,290637.0
el mundo es mio,bad bunny,0,0,0,0,7.0,111465.0
hoy cobre,bad bunny,0,0,0,0,8.0,135892.0
maldita pobreza,bad bunny,0,0,0,0,2.0,120411.0
la droga,bad bunny,0,0,0,0,2.0,125694.0
blue and grey,bts,0,0,0,0,6.0,178503.0
stay,bts,0,0,0,0,2.0,90291.0
one beer,hardy featuring lauren alaina and devin dawson,0,0,0,0,,
one of them girls,lee brice,0,0,0,0,1.0,32553.0
come and go,juice wrld x marshmello,0,0,0,0,,
fly to my room,bts,0,0,0,0,5.0,65542.0
telepathy,bts,0,0,0,0,5.0,78237.0
dis-ease,bts,0,0,0,0,5.0,84561.0
franchise,travis scott featuring young thug and m.i.a.,0,0,0,0,,
girls in the hood,megan thee stallion,0,0,0,0,13.0,738013.0
shots fired,megan thee stallion,0,0,0,0,13.0,296472.0
pain away,meek mill featuring lil durk,0,0,0,0,8.0,99155.0
u 2 luv,ne-yo and jeremih,0,0,0,0,6.0,24591.0
wishing well,juice wrld,0,0,0,0,16.0,1920804.0
do it on the tip,megan thee stallion featuring city girls and hot girl meg,0,0,0,0,4.0,202612.0
circles,megan thee stallion,0,0,0,0,5.0,112525.0
popstar,dj khaled featuring drake,0,0,0,0,,
got what i got,jason aldean,0,0,0,0,9.0,32232.0
stripes like burberry,future and lil uzi vert,0,0,0,0,15.0,117624.0
adore you,harry styles,0,0,0,0,4.0,1620843.0
that's it,future and lil uzi vert,0,0,0,0,,
the woo,pop smoke featuring 50 cent and roddy ricch,0,0,0,0,,
real baby pluto,future and lil uzi vert,0,0,0,0,13.0,96960.0
iris,phoebe and maggie,0,0,0,0,1.0,5075.0
mood swings,pop smoke featuring lil tjay,0,0,0,0,16.0,1360017.0
marni on me,future and lil uzi vert,0,0,0,0,7.0,77336.0
million dollar play,future and lil uzi vert,0,0,0,0,10.0,60889.0
sleeping on the floor,future and lil uzi vert,0,0,0,0,6.0,51584.0
blind,dababy featuring young thug,0,0,0,0,,
plastic,future and lil uzi vert,0,0,0,0,6.0,50069.0
24,money man featuring lil baby,0,0,0,0,,
runnin,21 savage and metro boomin,0,0,0,0,,
relacion,"sech, daddy yankee and j balvin featuring rosalia and farruko",0,0,0,0,,
la toxica,farruko,0,0,0,0,2.0,34642.0
tap in,saweetie,0,0,0,0,5.0,190536.0
rockstar chainz,future,0,0,0,0,5.0,49960.0
bought a bad bitch,future and lil uzi vert,0,0,0,0,5.0,40752.0
what that speed bout,"mike will made-it, nicki minaj and youngboy never broke again",0,0,0,0,,
rags2riches,rod wave featuring atr son son,0,0,0,0,5.0,211477.0
roses,saint jhn,0,0,0,0,14.0,820469.0
lovin' on you,luke combs,0,0,0,0,1.0,31816.0
don't need friends,nav featuring lil baby,0,0,0,0,15.0,134371.0
the code,king von featuring polo g,0,0,0,0,17.0,216097.0
tragic,the kid laroi featuring youngboy never brok again and internet money,0,0,0,0,,
all these n gas,king von featuring lil durk,0,0,0,0,,
motive,ariana grande featuring doja cat,0,0,0,0,,
crazy story 2 0,king von featuring lil durk,0,0,0,0,,
always do,the kid laroi,0,0,0,0,2.0,206061.0
young wheezy,nav with gunna,0,0,0,0,12.0,94763.0
off the table,ariana grande featuring the weeknd,0,0,0,0,,
just like magic,ariana grande,0,0,0,0,9.0,601448.0
f ck you goodbye,the kid laroi featuring machine gun kelly,0,0,0,0,5.0,300777.0
shut up,ariana grande,0,0,0,0,11.0,502806.0
thriller,michael jackson,0,0,0,0,15.0,1318152.0
nasty,ariana grande,0,0,0,0,4.0,623993.0
break my heart,dua lipa,0,0,0,0,5.0,791422.0
safety net,ariana grande featuring ty dolla $ign,0,0,0,0,8.0,607791.0
six thirty,ariana grande,0,0,0,0,11.0,437236.0
my hair,ariana grande,0,0,0,0,4.0,568731.0
obvious,ariana grande,0,0,0,0,3.0,471802.0
west side,ariana grande,0,0,0,0,8.0,335667.0
love language,ariana grande,0,0,0,0,15.0,498289.0
weeeeee,trippie redd,0,0,0,0,15.0,280100.0
thick,dj chose featuring beatking,0,0,0,0,,
circles,post malone,0,0,0,0,5.0,2299554.0
dreams,fleetwood mac,0,0,0,0,19.0,1739396.0
don't start now,dua lipa,0,0,0,0,7.0,1666798.0
spicy,ty dolla $ign featuring post malone,0,0,0,0,,
the other guy,luke combs,0,0,0,0,0.0,22570.0
without you,luke combs featuring amanda shires,0,0,0,0,0.0,8398.0
the bigger picture,lil baby,0,0,0,0,19.0,997937.0
whole lotta choppas,sada baby featuring nicki minaj,0,0,0,0,17.0,230914.0
greece,dj khaled featuring drake,0,0,0,0,,
un dia,"j balvin, dua lipa, bad bunny and tainy",0,0,0,0,,
do it,chloe x halle,0,0,0,0,3.0,208105.0
cardigan,taylor swift,0,0,0,0,26.0,3499255.0
forget me too,machine gun kelly and halsey,0,0,0,0,,
head and heart,joel corry x mnek,0,0,0,0,,
wine beer whiskey,little big town,0,0,0,0,6.0,35142.0
hate the way,g-eazy featuring blackbear,0,0,0,0,14.0,139567.0
ok not to be ok,marshmello and demi lovato,0,0,0,0,,
canceled,larray,0,0,0,0,25.0,872013.0
glock in my lap,21 savage and metro boomin,0,0,0,0,,
ice cream,blackpink x selena gomez,0,0,0,0,,
smile,juice wrld and the weeknd,0,0,0,0,,
breaking me,topic and a7s,0,0,0,0,,
3 headed goat,lil durk featuring lil baby and polo g,0,0,0,0,,
i called mama,tim mcgraw,0,0,0,0,2.0,20600.0
bloody valentine,machine gun kelly,0,0,0,0,10.0,584004.0
la jeepeta,nio garcia x anuel aa x myke towers x brray x juanka,0,0,0,0,,
caramelo,ozuna x karol g x myke towers,0,0,0,0,,
pardon,t.i. featuring lil baby,0,0,0,0,,
dollaz on my head,gunna featuring young thug,0,0,0,0,35.0,310206.0
if the world was ending,jp saxe featuring julia michaels,0,0,0,0,16.0,1161173.0
baby i'm jealous,bebe rexha featuring doja cat,0,0,0,0,3.0,172567.0
cool again,kane brown,0,0,0,0,0.0,6110.0
rich n gga sh t,21 savage and metro boomin featuring young thug,0,0,0,0,,
slidin,21 savage and metro boomin,0,0,0,0,8.0,187020.0
many men,21 savage and metro boomin,0,0,0,0,8.0,247418.0
sofia,clairo,0,0,0,0,7.0,863316.0
fallin',why don't we,0,0,0,0,2.0,301786.0
outta time,bryson tiller featuring drake,0,0,0,0,,
my dawg,21 savage and metro boomin,0,0,0,0,6.0,206119.0
brand new draco,21 savage and metro boomin,0,0,0,0,0.0,
lovesick girls,blackpink,0,0,0,0,8.0,938179.0
snitches and rats,21 savage and metro boomin featuring young nudy,0,0,0,0,,
rain on me,lady gaga and ariana grande,0,0,0,0,,
no opp left behind,21 savage and metro boomin,0,0,0,0,11.0,131402.0
steppin on n ggas,21 savage and metro boomin,0,0,0,0,,
rip luv,21 savage and metro boomin,0,0,0,0,,
always forever,bryson tiller,0,0,0,0,3.0,148463.0
years go by,bryson tiller,0,0,0,0,12.0,84382.0
said n done,21 savage and metro boomin,0,0,0,0,,
life is good,future featuring drake,0,0,0,0,,
chasin' you,morgan wallen,0,0,0,0,14.0,125378.0
die from a broken heart,maddie and tae,0,0,0,0,8.0,73673.0
we paid,lil baby and 42 dugg,0,0,0,0,,
like that,doja cat featuring gucci mane,0,0,0,0,11.0,398042.0
over now,calvin harris x the weeknd,0,0,0,0,,
nobody's love,maroon 5,0,0,0,0,3.0,179798.0
better,zayn,0,0,0,0,2.0,336120.0
drunk face,machine gun kelly,0,0,0,0,4.0,207857.0
ay dios mio,karol g,0,0,0,0,2.0,144173.0
money over fallouts,tory lanez,0,0,0,0,39.0,245004.0
moral of the story,ashe featuring niall horan,0,0,0,0,7.0,152064.0
say so,doja cat featuring nicki minaj,0,0,0,0,,
savage,megan thee stallion,0,0,0,0,11.0,974533.0
blueberry faygo,lil mosey,0,0,0,0,52.0,1667767.0
dolly,lil tecca and lil uzi vert,0,0,0,0,15.0,127985.0
my window,youngboy never broke again featuring lil wayne,0,0,0,0,4.0,100668.0
when you down,lil tecca and polo g featuring lil durk,0,0,0,0,,
me gusta,anitta featuring cardi b and myke towers,0,0,0,0,,
wet,yfn lucci,0,0,0,0,3.0,167803.0
lonely if you are,chase rice,0,0,0,0,2.0,30066.0
drug addiction,youngboy never broke again,0,0,0,0,4.0,191708.0
wolves,big sean featuring post malone,0,0,0,0,,
the bones,maren morris,0,0,0,0,5.0,137908.0
one margarita,luke bryan,0,0,0,0,4.0,33940.0
gone too soon,andrew jannakos,0,0,0,0,0.0,21153.0
all in,youngboy never broke again,0,0,0,0,7.0,311377.0
dead trollz,youngboy never broke again,0,0,0,0,8.0,162716.0
cross roads,youngboy never broke again,0,0,0,0,2.0,77310.0
the last backyard,youngboy never broke again,0,0,0,0,4.0,65595.0
right foot creep,youngboy never broke again,0,0,0,0,2.0,367329.0
one night standards,ashley mcbryde,0,0,0,0,2.0,30688.0
lets link,whoheem,0,0,0,0,3.0,161723.0
dirty stick,youngboy never broke again,0,0,0,0,7.0,36551.0
got it on me,pop smoke,0,0,0,0,13.0,599743.0
death bed,powfu featuring beabadoobee,0,0,0,0,,
intentions,justin bieber featuring quavo,0,0,0,0,,
party girl,staysolidrocky,0,0,0,0,18.0,262189.0
the voice,lil durk,0,0,0,0,0.0,
lithuania,big sean featuring travis scott,0,0,0,0,,
deep reverence,big sean featuring nipsey hussle,0,0,0,0,26.0,232542.0
why we drink,justin moore,0,0,0,0,2.0,7256.0
after party,don toliver,0,0,0,0,12.0,409275.0
body language,big sean featuring ty dolla $ign and jhene aiko,0,0,0,0,,
why would i stop,big sean,0,0,0,0,20.0,78718.0
need it,migos featuring youngboy never broke again,0,0,0,0,,
stuck with u,ariana grande and justin bieber,0,0,0,0,,
be a light,"thomas rhett featuring reba mcentire, hillary scott, chris tomlin and keith urban",0,0,0,0,,
i love my country,florida georgia line,0,0,0,0,1.0,10843.0
god whispered your name,keith urban,0,0,0,0,0.0,6896.0
blastoff,internet money featuring juice wrld and trippie redd,0,0,0,0,,
expensive,ty dolla $ign featuring nicki minaj,0,0,0,0,,
the 1,taylor swift,0,0,0,0,19.0,2574548.0
done,chris janson,0,0,0,0,0.0,7165.0
girl of my dreams,rod wave,0,0,0,0,4.0,305883.0
the box,roddy ricch,0,0,0,0,39.0,3636407.0
the plan,travis scott,0,0,0,0,8.0,236617.0
spicy,nas featuring fivio foreign and a$ap ferg,0,0,0,0,,
hate the other side,juice wrld and marshmello featuring polo g and the kid laroi,0,0,0,0,,
exile,taylor swift featuring bon iver,0,0,0,0,,
b tch from da souf,mulatto,0,0,0,0,,
21,polo g,0,0,0,0,40.0,570753.0
emotionally scarred,lil baby,0,0,0,0,25.0,904466.0
bluebird,miranda lambert,0,0,0,0,6.0,37876.0
toosie slide,drake,0,0,0,0,14.0,1504969.0
mamacita,"black eyed peas, ozuna + j.rey soul",0,0,0,0,2.0,74142.0
conversations,juice wrld,0,0,0,0,9.0,629280.0
righteous,juice wrld,0,0,0,0,14.0,1267130.0
past life,trevor daniel x selena gomez,0,0,0,0,,
something special,pop smoke,0,0,0,0,9.0,400187.0
hard to forget,sam hunt,0,0,0,0,2.0,49343.0
supalonely,benee featuring gus dapperton,0,0,0,0,,
letter from houston,rod wave,0,0,0,0,11.0,332117.0
one big country song,locash,0,0,0,0,0.0,
don't rush,young t and bugsey featuring headie one,0,0,0,0,6.0,241269.0
freestyle,rod wave,0,0,0,0,3.0,84470.0
life's a mess,juice wrld x halsey,0,0,0,0,,
move ya hips,a$ap ferg featuring nicki minaj and madeintyo,0,0,0,0,,
be kind,marshmello and halsey,0,0,0,0,,
falling,trevor daniel,0,0,0,0,10.0,1293610.0
walk em down,nle choppa featuring roddy ricch,0,0,0,0,8.0,325062.0
the last great american dynasty,taylor swift,0,0,0,0,18.0,1530915.0
my tears ricochet,taylor swift,0,0,0,0,24.0,1988003.0
august,taylor swift,0,0,0,0,14.0,2474572.0
invisible string,taylor swift,0,0,0,0,17.0,1661491.0
betty,taylor swift,0,0,0,0,21.0,2125611.0
no dribble,dababy x stunna 4 vegas,0,0,0,0,,
mirrorball,taylor swift,0,0,0,0,16.0,1332078.0
blood on my jeans,juice wrld,0,0,0,0,15.0,666616.0
lion king on ice,j. cole,0,0,0,0,14.0,419680.0
seven,taylor swift,0,0,0,0,13.0,1567812.0
this is me trying,taylor swift,0,0,0,0,19.0,1517887.0
illicit affairs,taylor swift,0,0,0,0,16.0,1510497.0
mad woman,taylor swift,0,0,0,0,16.0,1086034.0
epiphany,taylor swift,0,0,0,0,9.0,1027028.0
peace,taylor swift,0,0,0,0,20.0,1211616.0
hoax,taylor swift,0,0,0,0,18.0,1088749.0
go,kid laroi and juice wrld,0,0,0,0,,
perfect,logic,0,0,0,0,10.0,267194.0
sunday best,surfaces,0,0,0,0,5.0,379954.0
titanic,juice wrld,0,0,0,0,12.0,328888.0
stay high,juice wrld,0,0,0,0,18.0,503692.0
bad energy,juice wrld,0,0,0,0,17.0,367276.0
the scotts,"the scotts, travis scott and kid cudi",0,0,0,0,,
tell me u luv me,juice wrld and trippie redd,0,0,0,0,,
up up and away,juice wrld,0,0,0,0,7.0,320540.0
fighting demons,juice wrld,0,0,0,0,5.0,358758.0
does to me,luke combs featuring eric church,0,0,0,0,2.0,59694.0
man of the year,juice wrld,0,0,0,0,7.0,452846.0
can't die,juice wrld,0,0,0,0,6.0,261594.0
chicago freestyle,drake featuring giveon,0,0,0,0,,
flex,polo g featuring juice wrld,0,0,0,0,,
screw juice,juice wrld,0,0,0,0,7.0,224735.0
enjoy yourself,pop smoke featuring karol g,0,0,0,0,5.0,346137.0
the adventures of moon man and slim shady,kid cudi and eminem,0,0,0,0,46.0,769444.0
i want it,juice wrld,0,0,0,0,3.0,233250.0
gangstas,pop smoke,0,0,0,0,6.0,296047.0
let it go,summer walker,0,0,0,0,2.0,221059.0
my affection,summer walker and partynextdoor,0,0,0,0,6.0,124510.0
aim for the moon,pop smoke featuring quavo,0,0,0,0,8.0,250142.0
beer can't fix,thomas rhett featuring jon pardi,0,0,0,0,6.0,19884.0
here and now,kenny chesney,0,0,0,0,0.0,9964.0
44 bulldog,pop smoke,0,0,0,0,10.0,253803.0
gooba,6ix9ine,0,0,0,0,14.0,4131583.0
dior,pop smoke,0,0,0,0,20.0,1948954.0
high fashion,roddy ricch featuring mustard,0,0,0,0,,
yea yea,pop smoke,0,0,0,0,9.0,160627.0
make it rain,pop smoke featuring rowdy rebel,0,0,0,0,16.0,232560.0
snitchin,pop smoke featuring quavo and future,0,0,0,0,,
bad bitch from tokyo,pop smoke,0,0,0,0,5.0,106251.0
creature,pop smoke featuring swae lee,0,0,0,0,4.0,112855.0
west coast shit,pop smoke featuring tyga and quavo,0,0,0,0,6.0,98384.0
p y fairy,jhene aiko,0,0,0,0,,
wash us in the blood,kanye west featuring travis scott,0,0,0,0,16.0,451889.0
diana,pop smoke featuring king combs,0,0,0,0,,
tunnel vision,pop smoke,0,0,0,0,5.0,125031.0
trollz,6ix9ine and nicki minaj,0,0,0,0,,
after a few,travis denning,0,0,0,0,1.0,53485.0
how you like that,blackpink,0,0,0,0,10.0,774077.0
yo perreo sola,bad bunny,0,0,0,0,6.0,457518.0
in between,scotty mccreery,0,0,0,0,0.0,8124.0
yaya,6ix9ine,0,0,0,0,8.0,127768.0
memories,maroon 5,0,0,0,0,18.0,2174673.0
nobody but you,blake shelton duet with gwen stefani,0,0,0,0,2.0,95920.0
hot girl bummer,blackbear,0,0,0,0,20.0,3018172.0
black parade,beyonce,1,0,0,0,35.0,567986.0
know my rights,6lack featuring lil baby,0,0,0,0,4.0,118701.0
daisies,katy perry,0,0,0,0,9.0,230133.0
grace,lil baby and 42 dugg,0,0,0,0,4.0,497231.0
believe it,partynextdoor and rihanna,0,0,0,0,,
in your eyes,the weeknd,0,0,0,0,7.0,1367480.0
stick that in your country song,eric church,0,0,0,0,6.0,42701.0
my truck,breland,0,0,0,0,23.0,63488.0
x,jonas brothers featuring karol g,0,0,0,0,3.0,51358.0
shotta flow 5,nle choppa,0,0,0,0,3.0,136578.0
i hope you're happy now,carly pearce and lee brice,0,0,0,0,0.0,63386.0
everything i wanted,billie eilish,0,0,0,0,8.0,3698486.0
snow on tha bluff,j. cole,0,0,0,0,13.0,993412.0
bleed,a boogie wit da hoodie,0,0,0,0,5.0,146440.0
tommy lee,tyla yaweh and post malone,0,0,0,0,8.0,210314.0
level of concern,twenty one pilots,0,0,0,0,7.0,606567.0
one shot,youngboy never broke again featuring lil baby,0,0,0,0,5.0,52224.0
need me,j.i the prince of n.y,0,0,0,0,17.0,664460.0
all in,lil baby,0,0,0,0,9.0,253832.0
july,noah cyrus and leon bridges,0,0,0,0,0.0,81157.0
heartless,diplo presents thomas wesley featuring morgan wallen,0,0,0,0,,
ride it,regard,0,0,0,0,6.0,332530.0
otherside of america,meek mill,0,0,0,0,17.0,126329.0
drinking alone,carrie underwood,0,0,0,0,1.0,27314.0
deep end freestyle,sleepy hallow,0,0,0,0,17.0,286422.0
the man who loves you the most,zac brown band,0,0,0,0,0.0,7031.0
my oh my,camila cabello featuring dababy,0,0,0,0,7.0,730061.0
dance monkey,tones and i,0,0,0,0,2.0,2428226.0
out west,jackboys featuring young thug,0,0,0,0,6.0,835483.0
sour candy,lady gaga and blackpink,0,0,0,0,,
turks,"nav, gunna and travis scott",0,0,0,0,,
cooler than a bitch,gunna featuring roddy ricch,0,0,0,0,3.0,131236.0
that way,lil uzi vert,0,0,0,0,16.0,631299.0
hard days,brantley gilbert,0,0,0,0,1.0,9508.0
catch,brett young,0,0,0,0,1.0,23603.0
trillionaire,future featuring youngboy never broke again,0,0,0,0,,
worldwide beautiful,kane brown,0,0,0,0,3.0,16500.0
stupid love,lady gaga,0,0,0,0,8.0,252077.0
tkn,rosalia and travis scott,0,0,0,0,,
godzilla,eminem featuring juice wrld,0,0,0,0,,
t d,"lil yachty and tierra whack featuring a$ap rocky and tyler, the creator",0,0,0,0,,
alice,lady gaga,0,0,0,0,5.0,274191.0
hasta que dios diga,anuel aa and bad bunny,0,0,0,0,,
lose somebody,kygo and onerepublic,0,0,0,0,5.0,128624.0
sigues con el,arcangel x sech,0,0,0,0,,
solitaires,future featuring travis scott,0,0,0,0,,
ritmo,black eyed peas x j balvin,0,0,0,0,,
sum 2 prove,lil baby,0,0,0,0,27.0,731305.0
top floor,gunna featuring travis scott,0,0,0,0,,
wunna,gunna,0,0,0,0,16.0,776443.0
blindfold,gunna featuring lil baby,0,0,0,0,,
skybox,gunna,0,0,0,0,8.0,168174.0
argentina,gunna,0,0,0,0,4.0,103582.0
met gala,gunna,0,0,0,0,5.0,188509.0
daechwita,agust d,0,0,0,0,14.0,150980.0
nasty girl on camera,gunna,0,0,0,0,8.0,129919.0
motw,gunna,0,0,0,0,6.0,85180.0
gimmick,gunna,0,0,0,0,4.0,46512.0
go stupid,polo g featuring nle choppa and stunna 4 vegas,0,0,0,0,,
be something,polo g featuring lil baby,0,0,0,0,11.0,309981.0
feigning,gunna,0,0,0,0,4.0,47661.0
someone you loved,lewis capaldi,0,0,0,0,12.0,3916802.0
ballin',mustard and roddy ricch,0,0,0,0,,
trapped in the sun,future,0,0,0,0,4.0,90761.0
all bad,future featuring lil uzi vert,0,0,0,0,,
hard to choose one,future,0,0,0,0,3.0,133964.0
ridin strikers,future,0,0,0,0,13.0,121355.0
hitek tek,future,0,0,0,0,4.0,68247.0
too comfortable,future,0,0,0,0,9.0,208956.0
posted with demons,future,0,0,0,0,6.0,94745.0
touch the sky,future,0,0,0,0,11.0,62415.0
one of my,future,0,0,0,0,8.0,62850.0
harlem shake,future featuring young thug,0,0,0,0,3.0,51971.0
pain 1993,drake featuring playboi carti,0,0,0,0,,
don't believe the hype,polo g,0,0,0,0,8.0,112945.0
beautiful pain,polo g,0,0,0,0,4.0,181276.0
33,polo g,0,0,0,0,9.0,188886.0
i know,polo g,0,0,0,0,17.0,529419.0
me vs me,moneybagg yo,0,0,0,0,7.0,155224.0
heart on ice,rod wave,0,0,0,0,7.0,752624.0
can i,kehlani featuring tory lanez,0,0,0,0,,
zoo york,lil tjay featuring fivio foreign and pop smoke,0,0,0,0,,
toxic,kehlani,0,0,0,0,3.0,388335.0
i'm ready,sam smith and demi lovato,0,0,0,0,,
more hearts than mine,ingrid andress,0,0,0,0,12.0,66869.0
i love me,demi lovato,0,0,0,0,9.0,296729.0
d4l,"future, drake and young thug",0,0,0,0,,
change your life,kehlani featuring jhene aiko,0,0,0,0,2.0,177323.0
desires,drake featuring future,0,0,0,0,,
jump,dababy featuring youngboy never broke again,0,0,0,0,,
six feet apart,luke combs,0,0,0,0,10.0,24877.0
viral moment,lil durk,0,0,0,0,3.0,156851.0
homemade,jake owen,0,0,0,0,0.0,7794.0
time flies,drake,0,0,0,0,8.0,558047.0
slow dance in a parking lot,jordan davis,0,0,0,0,0.0,15554.0
you should be sad,halsey,0,0,0,0,7.0,908840.0
demons,drake featuring fivio foreign and sosa geek,0,0,0,0,,
not you too,drake featuring chris brown,0,0,0,0,7.0,500546.0
deep pockets,drake,0,0,0,0,21.0,272628.0
when to say when,drake,0,0,0,0,30.0,705121.0
landed,drake,0,0,0,0,11.0,249619.0
from florida with love,drake,0,0,0,0,9.0,313174.0
losses,drake,0,0,0,0,20.0,447092.0
war,drake,0,0,0,0,25.0,1513058.0
social distancing,lil baby,0,0,0,0,3.0,130467.0
slide,h.e.r. featuring yg,0,0,0,0,17.0,322737.0
low down,lil baby,0,0,0,0,26.0,210381.0
humble,lil baby,0,0,0,0,12.0,185200.0
heatin up,lil baby and gunna,0,0,0,0,29.0,317598.0
come thru,summer walker and usher,0,0,0,0,4.0,395756.0
find my way,dababy,0,0,0,0,4.0,199672.0
roxanne,arizona zervas,0,0,0,0,5.0,948701.0
heartless,the weeknd,0,0,0,0,17.0,2527080.0
highest in the room,travis scott,0,0,0,0,16.0,2593731.0
10 000 hours,dan + shay and justin bieber,0,0,0,0,,
goosebumps,travis scott,0,0,0,0,19.0,5664510.0
sasuke,lil uzi vert,0,0,0,0,16.0,293875.0
ain't easy,youngboy never broke again,0,0,0,0,1.0,49509.0
diamonds,youngboy never broke again,0,0,0,0,16.0,74072.0
myron,lil uzi vert,0,0,0,0,22.0,1097864.0
captain hook,megan thee stallion,0,0,0,0,21.0,528805.0
bout my business,youngboy never broke again featuring sherhonda gaulden,0,0,0,0,3.0,242886.0
rough ryder,youngboy never broke again,0,0,0,0,0.0,62859.0
underdog,alicia keys,0,0,0,0,9.0,139644.0
nasty,dababy featuring ashanti and megan thee stallion,0,0,0,0,,
ptsd,"g herbo featuring chance the rapper, juice wrld and lil uzi vert",0,0,0,0,,
thug of spades,youngboy never broke again featuring dababy,0,0,0,0,2.0,30024.0
safaera,"bad bunny, jowell and randy and nengo flow",0,0,0,0,,
meh,playboi carti,0,0,0,0,17.0,264273.0
bop,dababy,0,0,0,0,10.0,673522.0
pick up,dababy featuring quavo,0,0,0,0,7.0,82085.0
no guidance,chris brown featuring drake,0,0,0,0,,
lightskin sh t,dababy featuring future and jetsonmade,0,0,0,0,,
best on earth,russ and bia,0,0,0,0,4.0,348010.0
can't stop,dababy,0,0,0,0,9.0,49771.0
blame it on baby,dababy,0,0,0,0,14.0,114914.0
sad shit,dababy,0,0,0,0,8.0,93629.0
tusa,karol g and nicki minaj,0,0,0,0,,
drop,dababy featuring a boogie wit da hoodie and london on da track,0,0,0,0,,
talk about it,dababy,0,0,0,0,14.0,44370.0
champion,dababy,0,0,0,0,7.0,36730.0
i dare you,kelly clarkson,0,0,0,0,1.0,31189.0
broke in a minute,tory lanez,0,0,0,0,17.0,169856.0
suicidal,ynw melly and juice wrld,0,0,0,0,8.0,846357.0
stupid again,tory lanez,0,0,0,0,11.0,110742.0
boyfriend,selena gomez,0,0,0,0,3.0,260318.0
the other side,sza x justin timberlake,0,0,0,0,,
what she wants tonight,luke bryan,0,0,0,0,1.0,84578.0
dnd,polo g,0,0,0,0,17.0,129138.0
ridin' roads,dustin lynch,0,0,0,0,2.0,29944.0
the man,taylor swift,0,0,0,0,14.0,1149583.0
oprah's bank account,"lil yachty, drake and dababy",0,0,0,0,,
p2,lil uzi vert,0,0,0,0,14.0,988015.0
yummy,justin bieber,0,0,0,0,7.0,2101451.0
b i t c h,megan thee stallion,0,0,0,0,19.0,458106.0
boss bitch,doja cat,0,0,0,0,22.0,631822.0
homesick,kane brown,0,0,0,0,1.0,137754.0
fuck the world,rod wave,0,0,0,0,3.0,123172.0
pray 4 love,rod wave,0,0,0,0,4.0,117377.0
thief in the night,rod wave,0,0,0,0,1.0,107889.0
tycoon,future,0,0,0,0,5.0,82160.0
i remember,rod wave,0,0,0,0,2.0,75113.0
the greatest,rod wave,0,0,0,0,6.0,146451.0
ribbon in the sky,rod wave,0,0,0,0,3.0,105208.0
last time i say sorry,kane brown and john legend,0,0,0,0,0.0,10788.0
after hours,the weeknd,0,0,0,0,15.0,2326805.0
thug life,rod wave,0,0,0,0,9.0,41829.0
what a man gotta do,jonas brothers,0,0,0,0,2.0,217466.0
no weakness,rod wave,0,0,0,0,1.0,65715.0
woah,lil baby,0,0,0,0,12.0,695157.0
loyal,partynextdoor featuring drake,0,0,0,0,,
know your worth,khalid x disclosure,0,0,0,0,,
physical,dua lipa,0,0,0,0,9.0,565624.0
make no sense,youngboy never broke again,0,0,0,0,5.0,468499.0
la dificil,bad bunny,0,0,0,0,6.0,331655.0
si veo a tu mama,bad bunny,0,0,0,0,1.0,608796.0
vete,bad bunny,0,0,0,0,4.0,504240.0
baby pluto,lil uzi vert,0,0,0,0,29.0,627527.0
into the unknown,idina menzel and aurora,0,0,0,0,14.0,713958.0
alone again,the weeknd,0,0,0,0,7.0,887238.0
scared to live,the weeknd,0,0,0,0,9.0,763876.0
hardest to love,the weeknd,0,0,0,0,10.0,757793.0
too late,the weeknd,0,0,0,0,9.0,704530.0
snowchild,the weeknd,0,0,0,0,28.0,1037866.0
escape from la,the weeknd,0,0,0,0,17.0,1004450.0
faith,the weeknd,0,0,0,0,17.0,1166898.0
lose you to love me,selena gomez,0,0,0,0,5.0,3063540.0
homecoming queen,kelsea ballerini,0,0,0,0,9.0,49827.0
repeat after me,the weeknd,0,0,0,0,2.0,421731.0
until i bleed out,the weeknd,0,0,0,0,7.0,477995.0
to die for,sam smith,0,0,0,0,12.0,415352.0
bean,lil uzi vert featuring chief keef,0,0,0,0,,
lo mein,lil uzi vert,0,0,0,0,30.0,559324.0
yessirskiii,lil uzi vert and 21 savage,0,0,0,0,11.0,331421.0
the other girl,kelsea ballerini x halsey,0,0,0,0,,
good as hell,lizzo,0,0,0,0,5.0,651651.0
lotus,lil uzi vert,0,0,0,0,22.0,247780.0
silly watch,lil uzi vert,0,0,0,0,17.0,416539.0
wassup,lil uzi vert featuring future,0,0,0,0,25.0,115962.0
strawberry peels,lil uzi vert featuring young thug and gunna,0,0,0,0,12.0,227015.0
moon relate,lil uzi vert,0,0,0,0,18.0,234419.0
i can show you,lil uzi vert,0,0,0,0,17.0,94259.0
we back,jason aldean,0,0,0,0,2.0,7250.0
trap this way,lil uzi vert,0,0,0,0,5.0,162183.0
i wish grandpas never died,riley green,0,0,0,0,10.0,425454.0
leaders,lil uzi vert featuring nav,0,0,0,0,15.0,197734.0
no auto,lil uzi vert featuring lil durk,0,0,0,0,6.0,112802.0
homecoming,lil uzi vert,0,0,0,0,17.0,344192.0
come this way,lil uzi vert,0,0,0,0,14.0,195303.0
got the guap,lil uzi vert featuring young thug,0,0,0,0,4.0,91761.0
money spread,lil uzi vert featuring young nudy,0,0,0,0,11.0,120834.0
cardigan,don toliver,0,0,0,0,4.0,267928.0
futsal shuffle 2020,lil uzi vert,0,0,0,0,18.0,884342.0
prices,lil uzi vert,0,0,0,0,12.0,370191.0
pop,lil uzi vert,0,0,0,0,20.0,329704.0
bigger than life,lil uzi vert,0,0,0,0,5.0,224342.0
celebration station,lil uzi vert,0,0,0,0,7.0,195193.0
you better move,lil uzi vert,0,0,0,0,17.0,183810.0
i'm sorry,lil uzi vert,0,0,0,0,6.0,276413.0
venetia,lil uzi vert,0,0,0,0,14.0,244487.0
chrome heart tags,lil uzi vert,0,0,0,0,13.0,206750.0
bust me,lil uzi vert,0,0,0,0,10.0,148395.0
happiness over everything,jhene aiko featuring future and miguel,1,0,0,0,3.0,240949.0
commercial,lil baby featuring lil uzi vert,0,0,0,0,,
juicy,doja cat and tyga,0,0,0,0,,
secure the bag,lil uzi vert,0,0,0,0,8.0,148076.0
urgency,lil uzi vert featuring syd,0,0,0,0,4.0,116114.0
ignorantes,bad bunny and sech,0,0,0,0,,
triggered,jhene aiko,1,0,0,0,3.0,152267.0
la santa,bad bunny x daddy yankee,0,0,0,0,,
none of your concern,jhene aiko featuring big sean,1,0,0,0,1.0,775907.0
sugar,brockhampton,0,0,0,0,7.0,1047989.0
live off my closet,lil baby featuring future,0,0,0,0,13.0,119114.0
senorita,shawn mendes and camila cabello,0,0,0,0,16.0,
bad guy,billie eilish,0,0,0,0,8.0,3976460.0
kinfolks,sam hunt,0,0,0,0,5.0,43651.0
one man band,old dominion,0,0,0,0,3.0,112923.0
get ugly,lil baby,0,0,0,0,5.0,114809.0
no sucker,lil baby and moneybagg yo,0,0,0,0,5.0,145077.0
how,lil baby,0,0,0,0,14.0,259893.0
pero ya no,bad bunny,0,0,0,0,4.0,175515.0
forever,lil baby featuring lil wayne,0,0,0,0,14.0,249296.0
on,bts,0,0,0,0,8.0,432531.0
lil top,youngboy never broke again,0,0,0,0,6.0,236095.0
numbers,"a boogie wit da hoodie featuring roddy ricch, gunna and london on da track",0,0,0,0,,
same thing,lil baby,0,0,0,0,1.0,108925.0
make me want to,jimmie allen,0,0,0,0,1.0,16912.0
bichiyal,bad bunny and yaviah,0,0,0,0,2.0,205706.0
we should,lil baby and young thug,0,0,0,0,2.0,113049.0
solia,bad bunny,0,0,0,0,2.0,165498.0
no time to die,billie eilish,0,0,0,0,3.0,1899419.0
esta cabron ser yo,bad bunny x anuel aa,0,0,0,0,,
can't explain,lil baby,0,0,0,0,6.0,73693.0
trampoline,shaed,0,0,0,0,5.0,456504.0
sucker,jonas brothers,0,0,0,0,2.0,1254309.0
i don't care,ed sheeran and justin bieber,0,0,0,0,,
red eye,youngboy never broke again,0,0,0,0,6.0,144392.0
only human,jonas brothers,0,0,0,0,2.0,315818.0
fine by time,youngboy never broke again,0,0,0,0,0.0,110768.0
bad bad,youngboy never broke again,0,0,0,0,12.0,123945.0
knocked off,youngboy never broke again,0,0,0,0,2.0,40009.0
forever,justin bieber featuring post malone and clever,0,0,0,0,,
dive bar,garth brooks and blake shelton,0,0,0,0,0.0,35428.0
rip lil phat,youngboy never broke again,0,0,0,0,1.0,52336.0
toes,dababy featuring lil baby and moneybagg yo,0,0,0,0,,
my time,bts,0,0,0,0,,
long rd,youngboy never broke again,0,0,0,0,8.0,74623.0
south of the border,ed sheeran featuring camila cabello and cardi b,0,0,0,0,0.0,
filter,bts,0,0,0,0,5.0,157583.0
bat man,youngboy never broke again,0,0,0,0,6.0,27002.0
shake the room,pop smoke featuring quavo,0,0,0,0,8.0,165934.0
rare,selena gomez,0,0,0,0,10.0,341939.0
me and my guitar,a boogie wit da hoodie,0,0,0,0,5.0,326985.0
feel me,selena gomez,0,0,0,0,2.0,394104.0
truth hurts,lizzo,0,0,0,0,9.0,2332681.0
g n f,"migos, young thug and travis scott",0,0,0,0,,
bandit,juice wrld and youngboy never broke again,0,0,0,0,2.0,
might not give up,a boogie wit da hoodie featuring young thug,0,0,0,0,12.0,103618.0
thug love,a boogie wit da hoodie,0,0,0,0,4.0,105366.0
stain,a boogie wit da hoodie featuring dababy,0,0,0,0,3.0,46845.0
yikes,nicki minaj,0,0,0,0,18.0,542184.0
come around me,justin bieber,0,0,0,0,1.0,253312.0
king of my city,a boogie wit da hoodie,0,0,0,0,9.0,94591.0
cinderella story,a boogie wit da hoodie,0,0,0,0,10.0,166524.0
habitual,justin bieber,0,0,0,0,2.0,205833.0
all around me,justin bieber,0,0,0,0,1.0,149208.0
hot,young thug featuring gunna,0,0,0,0,,
even though i'm leaving,luke combs,0,0,0,0,4.0,87668.0
heartache medication,jon pardi,0,0,0,0,5.0,33755.0
i do it,lil wayne featuring big sean and lil baby,0,0,0,0,,
vibez,dababy,0,0,0,0,8.0,315642.0
run,joji,0,0,0,0,2.0,752593.0
rodeo,lil nas x and cardi b or nas,0,0,0,0,,
keii,anuel aa,0,0,0,0,8.0,67774.0
no idea,don toliver,0,0,0,0,1.0,885794.0
believe,meek mill featuring justin timberlake,0,0,0,0,,
start wit me,roddy ricch and gunna,0,0,0,0,33.0,451897.0
easy,danileigh featuring chris brown,0,0,0,0,,
no judgement,niall horan,0,0,0,0,1.0,117916.0
jerry sprunger,tory lanez and t-pain,0,0,0,0,9.0,222828.0
orange soda,baby keem,0,0,0,0,20.0,470727.0
only the young,taylor swift,0,0,0,0,15.0,239540.0
anyone,demi lovato,0,0,0,0,4.0,474828.0
mahogany,lil wayne,0,0,0,0,18.0,123202.0
letter to nipsey,meek mill featuring roddy ricch,0,0,0,0,13.0,147828.0
good news,mac miller,0,0,0,0,21.0,1445025.0
mama mia,lil wayne,0,0,0,0,39.0,150387.0
funeral,lil wayne,0,0,0,0,14.0,117128.0
nice to meet ya,meghan trainor featuring nicki minaj,0,0,0,0,19.0,211785.0
get me,justin bieber featuring kehlani,0,0,0,0,2.0,211140.0
u played,moneybagg yo featuring lil baby,0,0,0,0,8.0,161758.0
camelot,nle choppa,0,0,0,0,8.0,547045.0
panini,lil nas x,0,0,0,0,9.0,1208846.0
graveyard,halsey,0,0,0,0,2.0,539610.0
blue world,mac miller,0,0,0,0,23.0,413117.0
those kinda nights,eminem featuring ed sheeran,0,0,0,0,17.0,613747.0
darkness,eminem,0,0,0,0,45.0,999580.0
first man,camila cabello,0,0,0,0,1.0,260069.0
what if i told you that i love you,ali gatie,0,0,0,0,2.0,371519.0
unaccommodating,eminem featuring young m.a,0,0,0,0,,
you gon' learn,"eminem featuring royce da 5'9"" and white gold",0,0,0,0,,
circles,mac miller,0,0,0,0,12.0,591311.0
black swan,bts,0,0,0,0,6.0,204396.0
leaving heaven,eminem featuring skylar grey,0,0,0,0,22.0,642554.0
complicated,mac miller,0,0,0,0,7.0,263447.0
hand me downs,mac miller,0,0,0,0,5.0,563757.0
premonition,eminem,0,0,0,0,29.0,747513.0
i can see,mac miller,0,0,0,0,10.0,238050.0
in too deep,eminem,0,0,0,0,6.0,396952.0
woods,mac miller,0,0,0,0,11.0,371837.0
everybody,mac miller,0,0,0,0,3.0,233566.0
marsh,eminem,0,0,0,0,31.0,590959.0
no regrets,eminem featuring don toliver,0,0,0,0,12.0,481776.0
lock it up,eminem featuring anderson .paak,0,0,0,0,,
surf,mac miller,0,0,0,0,17.0,386773.0
stepdad,eminem,0,0,0,0,11.0,369358.0
take what you want,post malone featuring ozzy osbourne and travis scott,0,0,0,0,,
that's on me,mac miller,0,0,0,0,1.0,184075.0
on chill,wale featuring jeremih,0,0,0,0,,
talk,khalid,0,0,0,0,2.0,1013504.0
what if i never get over you,lady antebellum,0,0,0,0,4.0,50775.0
lover,taylor swift,0,0,0,0,20.0,2775796.0
playing games,summer walker,0,0,0,0,8.0,628154.0
heat,chris brown featuring gunna,0,0,0,0,,
remember you young,thomas rhett,0,0,0,0,0.0,26607.0
tip toe,roddy ricch featuring a boogie wit da hoodie,0,0,0,0,,
eleven,khalid,0,0,0,0,1.0,214692.0
all dat,moneybagg yo x megan thee stallion,0,0,0,0,,
leave em alone,"layton greene, lil baby, city girls and pnb rock",0,0,0,0,,
conversations in the dark,john legend,0,0,0,0,1.0,141091.0
protect da brand,moneybagg yo featuring dababy,0,0,0,0,2.0,28853.0
look at her now,selena gomez,0,0,0,0,4.0,905797.0
nice to meet ya,niall horan,0,0,0,0,12.0,258943.0
peta,roddy ricch featuring meek mill,0,0,0,0,15.0,168079.0
223's,ynw melly and 9lokknine,0,0,0,0,,
all i want,olivia rodrigo,0,0,0,0,15.0,1805825.0
beautiful people,ed sheeran featuring khalid,0,0,0,0,,
old town road,lil nas x featuring billy ray cyrus,0,0,0,0,,
suge,dababy,0,0,0,0,14.0,952321.0
gang gang,jackboys and sheck wes,0,0,0,0,,
had enough,don toliver featuring quavo and offset,0,0,0,0,,
enemies,post malone featuring dababy,0,0,0,0,,
20 20,lil tjay,0,0,0,0,14.0,314662.0
what to do,jackboys featuring don toliver,0,0,0,0,7.0,490294.0
ran om,lil tecca,0,0,0,0,0.0,
baby,lil baby and dababy,0,0,0,0,,
gatti,"jackboys, pop smoke and travis scott",0,0,0,0,,
slow dancing in the dark,joji,0,0,0,0,10.0,3135408.0
death,trippie redd featuring dababy,0,0,0,0,9.0,228215.0
yellow hearts,ant saunders,0,0,0,0,15.0,266006.0
let me know,juice wrld,0,0,0,0,3.0,651953.0
loco contigo,"dj snake, j. balvin and tyga",0,0,0,0,1.0,191507.0
candy,doja cat,0,0,0,0,3.0,519769.0
china,"anuel aa, daddy yankee, karol g, ozuna and j balvin",0,0,0,0,0.0,
jingle bells,frank sinatra,0,1,0,0,1.0,77223.0
like it's christmas,jonas brothers,0,0,0,0,1.0,47996.0
baby it's cold outside,dean martin,0,0,0,0,4.0,822437.0
happy xmas,john legend,0,0,0,0,0.0,
hate me,ellie goulding and juice wrld,0,0,0,0,,
baby sitter,dababy featuring offset,0,0,0,0,,
lucid dreams,juice wrld,0,0,0,0,20.0,5655681.0
falling,harry styles,0,0,0,0,12.0,1965302.0
lights up,harry styles,0,0,0,0,5.0,1056010.0
dirty iyanna,youngboy never broke again,0,0,0,0,7.0,146221.0
famous hoes,nle choppa,0,0,0,0,12.0,242696.0
cherry,harry styles,0,0,0,0,7.0,1157990.0
prayed for you,matt stell,0,0,0,0,1.0,45409.0
she,harry styles,0,0,0,0,5.0,833132.0
6 kiss,trippie redd featuring juice wrld and ynw melly,0,0,0,0,,
legends,juice wrld,0,0,0,0,7.0,1583215.0
robbery,juice wrld,0,0,0,0,23.0,1708737.0
christmas tree farm,taylor swift,0,0,0,0,7.0,151016.0
bad vibes forever,xxxtentacion featuring pnb rock and trippie redd,0,0,0,0,,
empty,juice wrld,0,0,0,0,10.0,876608.0
show yourself,idina menzel and evan rachel wood,0,0,0,0,13.0,1198141.0
we were,keith urban,0,0,0,0,2.0,11756.0
lord above,fat joe and dre featuring eminem and mary j. blige,0,0,0,0,,
big stepper,roddy ricch,0,0,0,0,11.0,164736.0
cuban links,rod wave and kevin gates,0,0,0,0,0.0,
how do you sleep,sam smith,0,0,0,0,5.0,734663.0
time,nf,0,0,0,0,9.0,583317.0
all the good girls go to hell,billie eilish,0,0,0,0,16.0,1408325.0
who needs love,trippie redd,0,0,0,0,2.0,365406.0
follow god,kanye west,0,0,0,0,15.0,1016792.0
f n,lil tjay,0,0,0,0,26.0,1285632.0
into the unknown,panic! at the disco,0,0,0,0,2.0,134278.0
la cancion,j balvin and bad bunny,0,0,0,0,,
goodbyes,post malone featuring young thug,0,0,0,0,,
one thing right,marshmello and kane brown,0,0,0,0,1.0,160108.0
love me more,trippie redd,0,0,0,0,2.0,227551.0
lalala,y2k and bbno$,0,0,0,0,,
hate me,trippie redd featuring youngboy never broke again,0,0,0,0,1.0,
reply,a boogie wit da hoodie featuring lil uzi vert,0,0,0,0,3.0,215988.0
tip of my tongue,kenny chesney,0,0,0,0,0.0,16252.0
good vibes,chris janson,0,0,0,0,0.0,9879.0
hot girl summer,"megan thee stallion, nicki minaj and ty dolla $ign",0,0,0,0,,
lonely child,youngboy never broke again,0,0,0,0,23.0,393480.0
money in the grave,drake featuring rick ross,0,0,0,0,25.0,1435866.0
dancing with a stranger,sam smith and normani,0,0,0,0,,
the take,tory lanez featuring chris brown,0,0,0,0,13.0,1602602.0
liar,camila cabello,0,0,0,0,5.0,453155.0
every little thing,russell dickerson,0,0,0,0,0.0,28841.0
i don't know about you,chris lane,0,0,0,0,2.0,115781.0
stuck in a dream,lil mosey x gunna,0,0,0,0,,
beauty in the benz,tory lanez featuring snoop dogg,0,0,0,0,5.0,67463.0
up all night,khalid,0,0,0,0,2.0,108658.0
self control,youngboy never broke again,0,0,0,0,3.0,234180.0
hot shower,chance the rapper featuring madeintyo and dababy,0,0,0,0,,
hell right,blake shelton featuring trace adkins,0,0,0,0,3.0,26270.0
my type,saweetie,0,0,0,0,4.0,530518.0
it all comes out in the wash,miranda lambert,0,0,0,0,0.0,11792.0
hot now,youngboy never broke again,0,0,0,0,1.0,263907.0
show me love,alicia keys featuring miguel,0,0,0,0,1.0,94455.0
valentino,24kgoldn,0,0,0,0,24.0,545114.0
what happens in a small town,brantley gilbert + lindsay ell,0,0,0,0,0.0,8147.0
living,dierks bentley,0,0,0,0,1.0,33357.0
somebody,"internet money, lil tecca and a boogie wit da hoodie",0,0,0,0,,
immortal,21 savage,0,0,0,0,80.0,434840.0
you need to calm down,taylor swift,0,0,0,0,13.0,1718044.0
cash shit,megan thee stallion featuring dababy,0,0,0,0,,
closed on sunday,kanye west,0,0,0,0,13.0,1000807.0
in my room,frank ocean,0,0,0,0,14.0,663650.0
love you too late,cole swindell,0,0,0,0,0.0,10593.0
for my daughter,kane brown,0,0,0,0,2.0,43063.0
selah,kanye west,0,0,0,0,18.0,848394.0
on god,kanye west,0,0,0,0,25.0,666913.0
higher love,kygo x whitney houston,0,0,0,0,,
big boy diamonds,gucci mane featuring kodak black and london on da track,0,0,0,0,,
everything we need,kanye west featuring ty dolla $ign and ant clemons,0,0,0,0,,
god is,kanye west,0,0,0,0,23.0,848286.0
use this gospel,kanye west featuring clipse and kenny g,0,0,0,0,,
every hour,kanye west featuring sunday service choir,0,0,0,0,,
water,kanye west featuring ant clemons,0,0,0,0,,
hands on,kanye west featuring fred hammond,0,0,0,0,24.0,404572.0
jesus is lord,kanye west,0,0,0,0,2.0,213210.0
intro,dababy,0,0,0,0,16.0,435438.0
don't call me angel,"ariana grande, miley cyrus and lana del rey",0,0,0,0,,
sunflower,post malone and swae lee,0,0,0,0,,
wow,post malone,0,0,0,0,15.0,1608096.0
the git up,blanco brown,0,0,0,0,7.0,258494.0
motivation,normani,0,0,0,0,1.0,296806.0
make it right,bts featuring lauv,0,0,0,0,1.0,117031.0
rich as hell,youngboy never broke again,0,0,0,0,1.0,124645.0
otro trago,"sech, darell, nicky jam, ozuna and anuel aa",0,0,0,0,,
in control,youngboy never broke again,0,0,0,0,5.0,163456.0
callaita,bad bunny and tainy,0,0,0,0,,
carter son,youngboy never broke again,0,0,0,0,3.0,120787.0
i'll kill you,summer walker featuring jhene aiko,0,0,0,0,6.0,642393.0
dhl,frank ocean,0,0,0,0,23.0,711930.0
boyfriend,ariana grande and social house,0,0,0,0,,
wish wish,dj khaled featuring cardi b and 21 savage,0,0,0,0,,
time i'm on,youngboy never broke again,0,0,0,0,1.0,85082.0
saint-tropez,post malone,0,0,0,0,20.0,484547.0
writing on the wall,"french montana featuring post malone, cardi b and rvssian",0,0,0,0,3.0,232751.0
hollywood's bleeding,post malone,0,0,0,0,7.0,1069667.0
bad bad bad,young thug featuring lil baby,0,0,0,0,17.0,370482.0
if i can't have you,shawn mendes,0,0,0,0,7.0,1081569.0
the london,"young thug, j. cole and travis scott",0,0,0,0,,
stretch you out,summer walker featuring a boogie wit da hoodie,0,0,0,0,3.0,379899.0
body,summer walker,0,0,0,0,4.0,733097.0
drunk dialing lodt,summer walker,0,0,0,0,6.0,255176.0
over it,summer walker,0,0,0,0,3.0,269607.0
southbound,carrie underwood,0,0,0,0,0.0,15632.0
raw shit,dababy featuring migos,0,0,0,0,7.0,86689.0
potential,summer walker,0,0,0,0,2.0,168693.0
right back,khalid featuring a boogie wit da hoodie,0,0,0,0,,
die for me,post malone featuring future and halsey,0,0,0,0,,
pop star,dababy featuring kevin gates,0,0,0,0,,
no me conoce,"jhay cortez, j balvin and bad bunny",0,0,0,0,,
without me,halsey,0,0,0,0,10.0,2574388.0
iphone,dababy and nicki minaj,0,0,0,0,7.0,256248.0
off the rip,dababy,0,0,0,0,15.0,135592.0
gospel,"dababy featuring chance the rapper, gucci mane and yk osiris",0,0,0,0,,
really,dababy featuring stunna 4 vegas,0,0,0,0,,
xxl,dababy,0,0,0,0,20.0,127325.0
prolly heard,dababy,0,0,0,0,6.0,50631.0
chicken noodle soup,j-hope featuring becky g.,0,0,0,0,10.0,278263.0
by my lonely,kevin gates,0,0,0,0,5.0,53862.0
on the road,post malone featuring meek mill and lil baby,0,0,0,0,,
there he go,dababy,0,0,0,0,9.0,54256.0
the ones that didn't make it back home,justin moore,0,0,0,0,6.0,18558.0
adicto,"tainy, anuel aa and ozuna",0,0,0,0,,
did it again,lil tecca,0,0,0,0,16.0,342074.0
pop out,polo g featuring lil tjay,0,0,0,0,,
beer never broke my heart,luke combs,0,0,0,0,5.0,24010.0
speechless,dan + shay,0,0,0,0,1.0,585306.0
knockin' boots,luke bryan,0,0,0,0,1.0,28491.0
behind barz,drake,0,0,0,0,1.0,286878.0
a thousand bad times,post malone,0,0,0,0,21.0,412348.0
it's you,ali gatie,0,0,0,0,5.0,825859.0
slide away,miley cyrus,0,0,0,0,8.0,704596.0
shameless,camila cabello,0,0,0,0,3.0,804976.0
queen of mean,sarah jeffery,0,0,0,0,23.0,472559.0
rearview town,jason aldean,0,0,0,0,0.0,40552.0
staring at the sun,post malone featuring sza,0,0,0,0,1.0,281760.0
i'm gonna be,post malone,0,0,0,0,5.0,234139.0
mood swings,a boogie wit da hoodie,0,0,0,0,7.0,155264.0
all to myself,dan + shay,0,0,0,0,1.0,41605.0
allergic,post malone,0,0,0,0,2.0,251519.0
press,cardi b,0,0,0,0,8.0,1005728.0
1 2 many,luke combs and brooks and dunn,0,0,0,0,1.0,38803.0
hey look ma i made it,panic! at the disco,0,0,0,0,13.0,351130.0
myself,post malone,0,0,0,0,3.0,199807.0
i know,post malone,0,0,0,0,3.0,175162.0
internet,post malone,0,0,0,0,6.0,228976.0
buy my own drinks,runaway june,0,0,0,0,0.0,8628.0
easier,5 seconds of summer,0,1,0,0,6.0,354927.0
baguettes in the face,"mustard featuring nav, playboi carti and a boogie wit da hoodie",0,0,0,0,,
go loko,"yg, tyga and jon z",0,0,0,0,,
doin' time,lana del rey,0,0,0,0,8.0,969451.0
7 rings,ariana grande,0,0,0,0,29.0,8343361.0
whiskey glasses,morgan wallen,0,0,0,0,6.0,184815.0
god's country,blake shelton,0,0,0,0,11.0,131126.0
shotta flow,nle choppa,0,0,0,0,55.0,1533669.0
me,taylor swift featuring brendon urie,0,0,0,0,0.0,
babushka boi,a$ap rocky,0,0,0,0,13.0,675210.0
cruel summer,taylor swift,0,0,0,0,20.0,2493892.0
i forgot that you existed,taylor swift,0,0,0,0,11.0,721010.0
call you mine,the chainsmokers and bebe rexha,0,0,0,0,1.0,219161.0
out of luck,lil tecca,0,0,0,0,9.0,145507.0
shots,lil tecca,0,0,0,0,2.0,94344.0
juice,lizzo,0,0,0,0,15.0,744107.0
bezerk,big sean featuring a$ap ferg and hit-boy,0,0,0,0,,
god only knows,for king and country,0,0,0,0,0.0,
love me,lil tecca,0,0,0,0,1.0,363564.0
soltera,"lunay, daddy yankee and bad bunny",0,0,0,0,,
the archer,taylor swift,0,0,0,0,18.0,1179705.0
paper rings,taylor swift,0,0,0,0,20.0,845604.0
miss americana and the heartbreak prince,taylor swift,0,0,0,0,20.0,1023205.0
i think he knows,taylor swift,0,0,0,0,14.0,661490.0
cornelia street,taylor swift,0,0,0,0,24.0,1003913.0
london boy,taylor swift,0,0,0,0,22.0,943054.0
soon you'll get better,taylor swift featuring dixie chicks,0,0,0,0,9.0,605845.0
death by a thousand cuts,taylor swift,0,0,0,0,22.0,935255.0
afterglow,taylor swift,0,0,0,0,17.0,938480.0
false god,taylor swift,0,0,0,0,14.0,880031.0
daylight,taylor swift,0,0,0,0,23.0,1310665.0
raised on country,chris young,0,0,0,0,5.0,9002.0
it's nice to have a friend,taylor swift,0,0,0,0,14.0,506013.0
never really over,katy perry,0,0,0,0,5.0,548687.0
earfquake,"tyler, the creator",0,0,0,0,13.0,3507898.0
clout,offset featuring cardi b,0,0,0,0,,
what's the move,young thug featuring lil uzi vert,0,0,0,0,10.0,224048.0
just how it is,young thug,0,0,0,0,10.0,285580.0
surf,young thug featuring gunna,0,0,0,0,10.0,203044.0
sup mate,young thug featuring future,0,0,0,0,13.0,237493.0
won't be late,swae lee featuring drake,0,0,0,0,3.0,150911.0
light it up,young thug,0,0,0,0,18.0,154236.0
lil baby,young thug,0,0,0,0,10.0,245229.0
mac 10,trippie redd featuring lil baby and lil duke,0,0,0,0,,
some of it,eric church,0,0,0,0,0.0,42000.0
ecstasy,young thug featuring machine gun kelly,0,0,0,0,,
uno,ambjaay,0,0,0,0,21.0,627144.0
daddy,blueface and rich the kid,0,0,0,0,,
takeaway,the chainsmokers and illenium featuring lennon stella,0,0,0,0,,
happier,marshmello and bastille,0,0,0,0,,
sweet but psycho,ava max,0,0,0,0,10.0,1790245.0
better,khalid,0,0,0,0,11.0,1835312.0
going bad,meek mill featuring drake,0,0,0,0,,
talk you out of it,florida georgia line,0,0,0,0,1.0,76156.0
gold roses,rick ross featuring drake,0,0,0,0,,
just us,dj khaled featuring sza,0,0,0,0,2.0,227492.0
small talk,katy perry,0,0,0,0,1.0,93133.0
night falls,"dove cameron, sofia carson, booboo stewart, cameron boyce, thomas doherty, china anne mcclain and dylan playfair",0,0,0,0,,
snake skin,trippie redd,0,0,0,0,3.0,151008.0
24 7,meek mill featuring ella mai,0,0,0,0,,
love ain't,eli young band,0,0,0,0,2.0,30974.0
sanguine paradise,lil uzi vert,0,0,0,0,27.0,900610.0
tap,nav featuring meek mill,0,0,0,0,,
la la land,bryce vine featuring yg,0,0,0,0,9.0,104608.0
que pretendes,j balvin and bad bunny,0,0,0,0,2.0,155383.0
single again,big sean,0,0,0,0,6.0,257345.0
worth it,yk osiris,0,0,0,0,11.0,326072.0
shallow,lady gaga and bradley cooper,0,0,0,0,,
trust issues,drake,0,0,0,0,5.0,1225427.0
how about now,drake,0,0,0,0,,
the motion,drake,0,0,0,0,8.0,1754139.0
dreams money can buy,drake,0,0,0,0,8.0,612876.0
club paradise,drake,0,0,0,0,11.0,779033.0
antisocial,ed sheeran and travis scott,0,0,0,0,,
fear inoculum,tool,0,0,0,0,10.0,437953.0
days in the east,drake,0,0,0,0,21.0,1343974.0
before i let go,beyonce,1,0,0,0,12.0,225044.0
high hopes,panic! at the disco,0,0,0,0,14.0,2165474.0
sicko mode,travis scott,0,0,0,0,52.0,10087993.0
cross me,ed sheeran featuring chance the rapper and pnb rock,0,0,0,0,,
leave me alone,nf,0,0,0,0,16.0,731523.0
the search,nf,0,0,0,0,13.0,1540014.0
megatron,nicki minaj,0,0,0,0,9.0,420229.0
all day long,chance the rapper featuring john legend,0,0,0,0,20.0,184923.0
do you remember,chance the rapper featuring death cab for cutie,0,0,0,0,20.0,203491.0
calma,pedro capo x farruko,0,0,0,0,,
cool,jonas brothers,0,0,0,0,8.0,263452.0
nightmare,halsey,0,0,0,0,16.0,1032108.0
rumor,lee brice,0,0,0,0,0.0,55953.0
act up,city girls,0,0,0,0,7.0,1361849.0
girl,maren morris,0,0,0,0,8.0,123880.0
con calma,daddy yankee and katy perry featuring snow,0,0,0,0,,
middle child,j. cole,0,0,0,0,23.0,2798470.0
brown skin girl,"beyonce, saint jhn and wizkid featuring blue ivy carter",0,0,0,0,1.0,20440.0
under the sun,"dreamville featuring j. cole, lute and dababy",0,0,0,0,,
mood 4 eva,"beyonce, jay-z and childish gambino featuring oumou sangare",0,0,0,0,,
pure water,mustard and migos,0,0,0,0,,
remember the name,ed sheeran featuring eminem and 50 cent,0,0,0,0,31.0,648129.0
walk me home,p!nk,0,0,0,0,5.0,143219.0
look what god gave her,thomas rhett,0,0,0,0,3.0,24638.0
blow,ed sheeran with chris stapleton and bruno mars,0,0,0,0,,
like a rodeo,kane brown,0,0,0,0,0.0,16292.0
spirit,beyonce,1,0,0,0,10.0,293884.0
best part of me,ed sheeran featuring yebba,0,0,0,0,5.0,229352.0
wake up,travis scott,0,0,0,0,12.0,1057416.0
eastside,"benny blanco, halsey and khalid",0,0,0,0,0.0,
look back at it,a boogie wit da hoodie,0,0,0,0,29.0,638991.0
down bad,"dreamville featuring jid, bas, j. cole, earthgang and young nudy",0,0,0,0,,
good as you,kane brown,0,0,0,0,1.0,59311.0
costa rica,"dreamville featuring bas, jid, guapdad 4000, reese laflare, jace, mez, smokepurpp, buddy and ski mask the slump god",0,0,0,0,,
out the mud,lil baby featuring future,0,0,0,0,11.0,118828.0
girls need love,summer walker x drake,0,0,0,0,,
mother's daughter,miley cyrus,0,0,0,0,5.0,411930.0
ocean eyes,billie eilish,0,0,0,0,7.0,1886752.0
don't check on me,chris brown featuring justin bieber and ink,0,0,0,0,2.0,474525.0
homicide,logic featuring eminem,0,0,0,0,,
please me,cardi b and bruno mars,0,0,0,0,7.0,910614.0
when i grow up,nf,0,0,0,0,15.0,841914.0
eyes on you,chase rice,0,0,0,0,0.0,43468.0
bacc at it again,"yella beezy, gucci mane and quavo",0,0,0,0,4.0,48215.0
break up with your girlfriend i'm bored,ariana grande,0,0,0,0,17.0,2671953.0
here with me,marshmello featuring chvrches,0,0,0,0,1.0,308854.0
love someone,brett eldredge,0,0,0,0,1.0,20822.0
big ole freak,megan thee stallion,0,0,0,0,12.0,412599.0
you stay,"dj khaled featuring meek mill, j balvin, lil baby and jeremih",0,0,0,0,,
baila baila baila,ozuna x daddy yankee x j balvin x farruko x anuel aa,0,0,0,0,,
omerta,drake,0,0,0,0,36.0,657131.0
summer days,martin garrix featuring macklemore and patrick stump,0,0,0,0,,
when the party's over,billie eilish,0,0,0,0,5.0,4121492.0
envy me,calboy,0,0,0,0,21.0,912206.0
miss me more,kelsea ballerini,0,0,0,0,1.0,42798.0
sanctuary,joji,0,0,0,0,1.0,1324636.0
rescue me,marshmello featuring a day to remember,0,0,0,0,,
te robare,nicky jam x ozuna,0,0,0,0,,
racks in the middle,nipsey hussle featuring roddy ricch and hit-boy,0,0,0,0,25.0,370308.0
beautiful crazy,luke combs,0,0,0,0,4.0,254598.0
close friends,lil baby,0,0,0,0,4.0,1390167.0
bury a friend,billie eilish,0,0,0,0,8.0,2883957.0
put a date on it,yo gotti featuring lil baby,0,0,0,0,6.0,134135.0
heaven,avicii,0,0,0,0,1.0,141859.0
please tell me,future,0,0,0,0,2.0,108476.0
on my way to you,cody johnson,0,0,0,0,1.0,71554.0
amor genuino,ozuna,0,0,0,0,1.0,308612.0
xanax damage,future,0,0,0,0,3.0,179847.0
government official,future,0,0,0,0,4.0,92268.0
murder on my mind,ynw melly,0,0,0,0,21.0,3266814.0
isis,joyner lucas featuring logic,0,0,0,0,,
boy with luv,bts featuring halsey,0,0,0,0,,
shut up about politics,john rich featuring the five,0,0,0,0,,
under enemy arms,trippie redd,0,0,0,0,4.0,124961.0
night shift,jon pardi,0,0,0,0,3.0,55306.0
a lot,21 savage,0,0,0,0,31.0,3084120.0
thotiana,blueface,0,0,0,0,9.0,1014995.0
higher,dj khaled featuring nipsey hussle and john legend,0,0,0,0,,
who do you love,the chainsmokers featuring 5 seconds of summer,0,0,0,0,,
don't call me up,mabel,0,0,0,0,12.0,367514.0
earth,lil dicky,0,0,0,0,31.0,2096880.0
hp,maluma,0,0,0,0,1.0,85764.0
mixed personalities,ynw melly featuring kanye west,0,0,0,0,23.0,626770.0
paradise,bazzi,0,0,0,0,15.0,225251.0
girls like you,maroon 5 featuring cardi b,0,0,0,0,1.0,5822.0
i think,"tyler, the creator",0,0,0,0,16.0,1162392.0
celebrate,dj khaled featuring travis scott and post malone,0,0,0,0,,
jealous,"dj khaled featuring chris brown, lil wayne and big sean",0,0,0,0,,
running out of time,"tyler, the creator",0,0,0,0,11.0,742902.0
igor's theme,"tyler, the creator",0,0,0,0,6.0,847941.0
new magic wand,"tyler, the creator",0,0,0,0,18.0,2738098.0
a boy is a gun,"tyler, the creator",0,0,0,0,26.0,947689.0
what's good,"tyler, the creator",0,0,0,0,19.0,793906.0
puppet,"tyler, the creator",0,0,0,0,14.0,899966.0
weather the storm,dj khaled featuring meek mill and lil baby,0,0,0,0,4.0,85716.0
here tonight,brett young,0,0,0,0,0.0,70522.0
be alright,dean lewis,0,0,0,0,9.0,1236280.0
drip too hard,lil baby and gunna,0,0,0,0,,
thank u next,ariana grande,0,0,0,0,9.0,9395783.0
baby shark,pinkfong,0,0,0,0,3.0,481950.0
make it sweet,old dominion,0,0,0,0,1.0,32497.0
shot clock,ella mai,0,0,0,0,4.0,253749.0
i'm so tired,lauv and troye sivan,0,0,0,0,11.0,752445.0
you should see me in a crown,billie eilish,0,0,0,0,5.0,1324325.0
sos,avicii featuring aloe blacc,0,0,0,0,,
wish you were gay,billie eilish,0,0,0,0,10.0,1896325.0
that's a rack,lil uzi vert,0,0,0,0,22.0,438552.0
rule the world,2 chainz featuring ariana grande,0,0,0,0,9.0,146145.0
die young,roddy ricch,0,0,0,0,15.0,693300.0
close to me,ellie goulding x diplo featuring swae lee,0,0,0,0,,
you say,lauren daigle,0,0,0,0,9.0,737968.0
swervin,a boogie wit da hoodie featuring 6ix9ine,0,0,0,0,9.0,619673.0
power is power,"sza, the weeknd and travis scott",0,0,0,0,,
middle child,pnb rock and xxxtentacion,0,0,0,0,8.0,238510.0
i've been waiting,lil peep and ilovemakonnen featuring fall out boy,0,0,0,0,,
secreto,anuel aa and karol g,0,0,0,0,,
faucet failure,ski mask the slump god,0,0,0,0,38.0,1020360.0
youngblood,5 seconds of summer,0,1,0,0,14.0,1420088.0
floating,schoolboy q featuring 21 savage,0,0,0,0,7.0,151274.0
chopstix,schoolboy q + travis scott,0,0,0,0,6.0,130883.0
light it up,"marshmello, tyga and chris brown",0,0,0,0,1.0,50180.0
numb numb juice,schoolboy q,0,0,0,0,10.0,329171.0
love me anyway,p!nk featuring chris stapleton,0,0,0,0,,
stop snitching,yg,0,0,0,0,5.0,298070.0
kill this love,blackpink,0,0,0,0,3.0,760116.0
better now,post malone,0,0,0,0,9.0,1802364.0
bad liar,imagine dragons,0,0,0,0,6.0,847602.0
slide,french montana featuring blueface and lil tjay,0,0,0,0,,
saturday nights,khalid and kane brown,0,0,0,0,0.0,81607.0
pure cocaine,lil baby,0,0,0,0,25.0,463157.0
this is it,scotty mccreery,0,0,0,0,1.0,30271.0
my strange addiction,billie eilish,0,0,0,0,7.0,1231465.0
let me down slowly,alec benjamin + alessia cara,0,0,0,0,1.0,70365.0
xanny,billie eilish,0,0,0,0,10.0,1341567.0
one that got away,michael ray,0,0,0,0,1.0,35584.0
mia,bad bunny featuring drake,0,0,0,0,,
tequila,dan + shay,0,0,0,0,3.0,325416.0
money,cardi b,0,0,0,0,21.0,1896585.0
blue on black,"five finger death punch featuring kenny wayne shepherd, brantley gilbert and brian may",0,0,0,0,,
double up,nipsey hussle featuring belly and dom kennedy,0,0,0,0,,
undrunk,fletcher,0,0,0,0,13.0,175844.0
last time that i checc'd,nipsey hussle featuring yg,0,0,0,0,15.0,170757.0
there was this girl,riley green,0,0,0,0,3.0,93001.0
my bad,khalid,0,0,0,0,1.0,220193.0
outta my head,khalid with john mayer,0,0,0,0,,
monopoly,ariana grande and victoria monet,0,0,0,0,25.0,964221.0
don't pretend,khalid x safe,0,0,0,0,,
bad luck,khalid,0,0,0,0,5.0,157652.0
inmortal,aventura,0,0,0,0,1.0,32081.0
dedication,nipsey hussle featuring kendrick lamar,0,0,0,0,,
victory lap,nipsey hussle featuring stacy barthe,0,0,0,0,27.0,464271.0
zeze,kodak black featuring travis scott and offset,0,0,0,0,0.0,
i love you,billie eilish,0,0,0,0,4.0,3056902.0
ilomilo,billie eilish,0,0,0,0,6.0,1266842.0
listen before i go,billie eilish,0,0,0,0,9.0,1261254.0
8,billie eilish,0,0,0,0,3.0,711166.0
twerk,city girls featuring cardi b,0,0,0,0,11.0,516034.0
lovely,billie eilish and khalid,0,0,0,0,0.0,
i can't get enough,"benny blanco, tainy, selena gomez and j balvin",0,0,0,0,,
millionaire,chris stapleton,0,0,0,0,1.0,52398.0
girl like you,jason aldean,0,0,0,0,0.0,45644.0
i like it,"cardi b, bad bunny and j balvin",0,0,0,0,,
taki taki,"dj snake featuring selena gomez, ozuna and cardi b",0,0,0,0,0.0,
down to the honkytonk,jake owen,0,0,0,0,2.0,82683.0
price on my head,nav featuring the weeknd,0,0,0,0,30.0,294109.0
confessions of a dangerous mind,logic,0,0,0,0,18.0,561723.0
take it from me,jordan davis,0,0,0,0,1.0,19508.0
splashin,rich the kid,0,0,0,0,12.0,174156.0
i,lil skies,0,0,0,0,22.0,404712.0
hear me calling,juice wrld,0,0,0,0,4.0,452425.0
undecided,chris brown,0,0,0,0,2.0,335925.0
calling my spirit,kodak black,0,0,0,0,20.0,452948.0
last hurrah,bebe rexha,0,0,0,0,13.0,129320.0
love wins,carrie underwood,0,0,0,0,1.0,92619.0
sally walker,iggy azalea,0,0,0,0,7.0,318474.0
ella quiere beber,anuel aa and romeo santos,0,0,0,0,2.0,100333.0
fast,juice wrld,0,0,0,0,6.0,542886.0
wake up in the sky,gucci mane x bruno mars x kodak black,0,0,0,0,,
maze,juice wrld,0,0,0,0,6.0,309692.0
what makes you country,luke bryan,0,0,0,0,3.0,23445.0
flaws and sins,juice wrld,0,0,0,0,7.0,468329.0
nights like this,kehlani featuring ty dolla $ign,0,0,0,0,5.0,726618.0
always remember us this way,lady gaga,0,0,0,0,4.0,1271418.0
leave me alone,flipp dinero,0,0,0,0,15.0,1195829.0
mo bamba,sheck wes,0,0,0,0,15.0,3481944.0
burn out,midland,0,0,0,0,3.0,48167.0
red room,offset,0,0,0,0,24.0,396173.0
whip,2 chainz featuring travis scott,0,0,0,0,2.0,
armed and dangerous,juice wrld,0,0,0,0,22.0,751769.0
needy,ariana grande,0,0,0,0,6.0,1542870.0
love someone,lukas graham,0,0,0,0,7.0,765723.0
momma i hit a lick,2 chainz featuring kendrick lamar,0,0,0,0,15.0,138899.0
backin' it up,pardison fontaine featuring cardi b,0,0,0,0,15.0,788917.0
legacy,offset featuring travis scott and 21 savage,0,0,0,0,,
i'll never love again,lady gaga,0,0,0,0,2.0,196158.0
how did i get here,offset featuring j. cole,0,0,0,0,10.0,200389.0
nasa,ariana grande,0,0,0,0,10.0,1141141.0
outstanding,gunna,0,0,0,0,17.0,78862.0
be like me,lil pump featuring lil wayne,0,0,0,0,33.0,186412.0
3 headed snake,gunna featuring young thug,0,0,0,0,10.0,278580.0
wit it,gunna,0,0,0,0,8.0,77792.0
this feeling,the chainsmokers featuring kelsea ballerini,0,0,0,0,3.0,642596.0
one call,gunna,0,0,0,0,24.0,134736.0
nothing breaks like a heart,mark ronson featuring miley cyrus,0,0,0,0,2.0,745350.0
imagine,ariana grande,0,0,0,0,7.0,1641507.0
lick,offset,0,0,0,0,17.0,165083.0
bad idea,ariana grande,0,0,0,0,4.0,826885.0
speed it up,gunna,0,0,0,0,8.0,79670.0
bloodline,ariana grande,0,0,0,0,7.0,1093869.0
i guess i just feel like,john mayer,0,0,0,0,2.0,48011.0
same yung n a,gunna featuring playboi carti,0,0,0,0,,
fake smile,ariana grande,0,0,0,0,5.0,941239.0
lost in the fire,gesaffelstein and the weeknd,0,0,0,0,,
ghostin,ariana grande,0,0,0,0,7.0,1527112.0
sixteen,thomas rhett,0,0,0,0,5.0,65728.0
in my head,ariana grande,0,0,0,0,9.0,1478671.0
body,loud luxury featuring brando,0,0,0,0,,
365,zedd and katy perry,0,0,0,0,,
yosemite,travis scott,0,0,0,0,27.0,1873221.0
make up,ariana grande,0,0,0,0,9.0,761555.0
good girl,dustin lynch,0,0,0,0,0.0,24049.0
arms around you,xxxtentacion x lil pump featuring maluma and swae lee,0,0,0,0,,
startender,a boogie wit da hoodie featuring offset and tyga,0,0,0,0,13.0,196081.0
uproar,lil wayne,0,0,0,0,30.0,858040.0
burning man,dierks bentley featuring brothers osborne,0,0,0,0,6.0,35867.0
you,jacquees,0,0,0,0,9.0,404931.0
ruin my life,zara larsson,0,0,0,0,3.0,295523.0
talk to me,tory lanez and rich the kid,0,0,0,0,5.0,377209.0
rainbow,kacey musgraves,0,0,0,0,5.0,421315.0
alone,marshmello,0,0,0,0,2.0,847803.0
breathin,ariana grande,0,0,0,0,8.0,2101075.0
trip,ella mai,0,0,0,0,8.0,942833.0
love lies,khalid and normani,0,0,0,0,,
beautiful,bazzi featuring camila cabello,0,0,0,0,,
first off,future featuring travis scott,0,0,0,0,,
roses,benny blanco and juice wrld featuring brendon urie,0,0,0,0,,
keanu reeves,logic,0,0,0,0,20.0,699739.0
no stylist,french montana featuring drake,0,0,0,0,10.0,897174.0
crushed up,future,0,0,0,0,19.0,132179.0
best shot,jimmie allen,0,0,0,0,1.0,130498.0
sauce,xxxtentacion,0,0,0,0,8.0,260653.0
bad,xxxtentacion,0,0,0,0,2.0,1533000.0
blue tacoma,russell dickerson,0,0,0,0,4.0,86522.0
natural,imagine dragons,0,0,0,0,7.0,929960.0
jumpin on a jet,future,0,0,0,0,5.0,71585.0
never stop,future,0,0,0,0,29.0,308848.0
consequences,camila cabello,0,0,0,0,8.0,555453.0
temptation,future,0,0,0,0,9.0,94344.0
rocket ship,future,0,0,0,0,4.0,55160.0
f n,future,0,0,0,0,20.0,138798.0
electricity,silk city x dua lipa,0,0,0,0,,
face my fears,hikaru utada and skrillex,0,0,0,0,0.0,34135.0
call the coroner,future,0,0,0,0,11.0,67120.0
she got the best of me,luke combs,0,0,0,0,3.0,123649.0
fine china,future and juice wrld,0,0,0,0,,
nuketown,ski mask the slump god featuring juice wrld,0,0,0,0,54.0,1029882.0
space cadet,metro boomin featuring gunna,0,0,0,0,,
butterfly doors,lil pump,0,0,0,0,12.0,273092.0
valuable pain,youngboy never broke again,0,0,0,0,11.0,641568.0
can't leave without it,21 savage,0,0,0,0,20.0,851591.0
good form,nicki minaj featuring lil wayne,0,0,0,0,25.0,376118.0
idontwannabeyouanymore,billie eilish,0,0,0,0,13.0,3449959.0
last shot,kip moore,0,0,0,0,0.0,22932.0
smile,lil' duval featuring snoop dogg and ball greezy,0,0,0,0,,
lost in japan,shawn mendes x zedd,0,0,0,0,,
monster,21 savage,0,0,0,0,21.0,549233.0
demons and angels,a boogie wit da hoodie featuring juice wrld,0,0,0,0,11.0,250781.0
kika,6ix9ine featuring tory lanez,0,0,0,0,,
dip,tyga and nicki minaj,0,0,0,0,,
lucky you,eminem featuring joyner lucas,0,0,0,0,,
drunk me,mitchell tenpenny,0,0,0,0,2.0,36531.0
dangerous,meek mill featuring jeremih and pnb rock,0,0,0,0,,
solo de mi,bad bunny,0,0,0,0,3.0,218292.0
whoa,xxxtentacion,0,0,0,0,2.0,525244.0
all my friends,21 savage,0,0,0,0,13.0,377169.0
happy xmas,john and yoko/the plastic ono band with the harlem community choir,0,0,0,0,,
cozy little christmas,katy perry,0,0,0,0,4.0,41265.0
the christmas song,lauren daigle,0,0,0,0,0.0,
break da law,21 savage,0,0,0,0,23.0,179329.0
1 5,21 savage,0,0,0,0,10.0,213927.0
out for the night,21 savage,0,0,0,0,14.0,209403.0
gun smoke,21 savage,0,0,0,0,7.0,141379.0
asmr,21 savage,0,0,0,0,21.0,344088.0
moshpit,kodak black featuring juice wrld,0,0,0,0,13.0,122406.0
testimony,kodak black,0,0,0,0,2.0,293149.0
gnarly,kodak black featuring lil pump,0,0,0,0,5.0,119909.0
uptown vibes,meek mill featuring fabolous and anuel aa,0,0,0,0,,
mama,6ix9ine featuring nicki minaj and kanye west,0,0,0,0,,
broken,lovelytheband,0,0,0,0,10.0,329641.0
taste,tyga featuring offset,0,0,0,0,,
guardian angel,xxxtentacion,0,0,0,0,8.0,877960.0
god is a woman,ariana grande,0,0,0,0,14.0,3513950.0
i don't let go,xxxtentacion,0,0,0,0,4.0,456252.0
what's free,meek mill featuring rick ross and jay-z,0,0,0,0,,
one minute,xxxtentacion featuring kanye west and travis barker,0,0,0,0,,
train food,xxxtentacion,0,0,0,0,11.0,771638.0
what are you so afraid of,xxxtentacion,0,0,0,0,2.0,339326.0
staring at the sky,xxxtentacion,0,0,0,0,4.0,349096.0
lie,nf,0,0,0,0,2.0,724760.0
waka,6ix9ine featuring a boogie wit da hoodie,0,0,0,0,,
on me,meek mill featuring cardi b,0,0,0,0,13.0,195969.0
difference,xxxtentacion,0,0,0,0,6.0,301488.0
tic toc,6ix9ine featuring lil baby,0,0,0,0,13.0,266414.0
that's on me,yella beezy,0,0,0,0,16.0,293773.0
fefe,6ix9ine featuring nicki minaj and murda beatz,0,0,0,0,,
respect the game,meek mill,0,0,0,0,4.0,334841.0
ring,cardi b featuring kehlani,0,0,0,0,,
trauma,meek mill,0,0,0,0,23.0,172955.0
time,lil baby featuring meek mill,0,0,0,0,,
ready,lil baby featuring gunna,0,0,0,0,34.0,452828.0
championships,meek mill,0,0,0,0,9.0,180876.0
tic tac toe,meek mill featuring kodak black,0,0,0,0,15.0,80989.0
almost slipped,meek mill,0,0,0,0,4.0,191544.0
splash warning,"meek mill featuring future, roddy ricch and young thug",0,0,0,0,,
pay you back,meek mill featuring 21 savage,0,0,0,0,11.0,92439.0
foot fungus,ski mask the slump god,0,0,0,0,23.0,548441.0
crush a lot,lil baby,0,0,0,0,4.0,120696.0
oodles o' noodles babies,meek mill,0,0,0,0,8.0,105556.0
stoopid,6ix9ine featuring bobby shmurda,0,0,0,0,0.0,
global,lil baby,0,0,0,0,16.0,156470.0
word on the street,lil baby,0,0,0,0,6.0,111904.0
in my feelings,drake,0,0,0,0,14.0,7840103.0
lose it,kane brown,0,0,0,0,0.0,46273.0
yes indeed,lil baby and drake,0,0,0,0,30.0,2717549.0
nonstop,drake,0,0,0,0,30.0,2300084.0
boo'd up,ella mai,0,0,0,0,10.0,898553.0
topanga,trippie redd,0,0,0,0,14.0,621473.0
come out and play,billie eilish,0,0,0,0,8.0,648628.0
10 freaky girls,metro boomin featuring 21 savage,0,0,0,0,20.0,916510.0
1400 999 freestyle,trippie redd featuring juice wrld,0,0,0,0,17.0,655065.0
i'm a mess,bebe rexha,0,0,0,0,9.0,658422.0
hangin' on,chris young,0,0,0,0,1.0,65045.0
never recover,lil baby and gunna featuring drake,0,0,0,0,29.0,652449.0
bebe,6ix9ine featuring anuel aa,0,0,0,0,,
rich,maren morris,0,0,0,0,5.0,187428.0
best part,daniel caesar featuring h.e.r.,0,0,0,0,,
don't come out the house,metro boomin featuring 21 savage,0,0,0,0,17.0,497767.0
i love it,kanye west and lil pump,0,0,0,0,,
falling down,lil peep and xxxtentacion,0,0,0,0,,
noticed,lil mosey,0,0,0,0,22.0,1053748.0
i like me better,lauv,0,0,0,0,15.0,906602.0
psycho,post malone featuring ty dolla $ign,0,0,0,0,,
sad,xxxtentacion,0,0,0,0,8.0,8270243.0
bohemian rhapsody,queen,0,0,0,0,33.0,10759303.0
take one,kodak black,0,0,0,0,3.0,98497.0
w o r k i n m e,quavo,0,0,0,0,,
mona lisa,lil wayne featuring kendrick lamar,0,0,0,0,33.0,2693842.0
desperate man,eric church,0,0,0,0,1.0,20082.0
burn the house down,ajr,0,0,0,0,22.0,200836.0
big bank,"yg featuring 2 chainz, big sean and nicki minaj",0,0,0,0,,
love scars 3,trippie redd,0,0,0,0,2.0,259844.0
negative energy,trippie redd featuring kodie shane,0,0,0,0,12.0,181204.0
toxic waste,trippie redd,0,0,0,0,3.0,113375.0
drew barrymore,bryce vine,0,0,0,0,25.0,439417.0
jackie chan,tiesto and dzeko featuring preme and post malone,0,0,0,0,,
back to you,selena gomez,0,0,0,0,6.0,1453792.0
delicate,taylor swift,0,0,0,0,16.0,1497686.0
overdue,metro boomin featuring travis scott,0,0,0,0,,
last memory,takeoff,0,0,0,0,14.0,205626.0
dreamcatcher,metro boomin featuring swae lee and travis scott,0,0,0,0,,
no more,"metro boomin featuring travis scott, kodak black and 21 savage",0,0,0,0,,
promises,calvin harris and sam smith,0,0,0,0,,
no brainer,"dj khaled featuring justin bieber, chance the rapper and quavo",0,0,0,0,0.0,
hotel key,old dominion,0,0,0,0,1.0,32392.0
killshot,eminem,0,0,0,0,59.0,7489766.0
casper,takeoff,0,0,0,0,20.0,289181.0
up to something,metro boomin featuring travis scott and young thug,0,0,0,0,0.0,
the middle,"zedd, maren morris and grey",0,0,0,0,0.0,
drunk girl,chris janson,0,0,0,0,5.0,119234.0
waste it on me,steve aoki featuring bts,0,0,0,0,2.0,712061.0
a million dreams,p!nk,0,0,0,0,1.0,85843.0
venom,eminem,0,0,0,0,32.0,3568567.0
new patek,lil uzi vert,0,0,0,0,29.0,1313734.0
break up in the end,cole swindell,0,0,0,0,2.0,72618.0
kamikaze,lil mosey,0,0,0,0,18.0,427095.0
drowns the whiskey,jason aldean featuring miranda lambert,0,0,0,0,1.0,42320.0
no tears left to cry,ariana grande,0,0,0,0,8.0,3030659.0
jet lag,future and juice wrld featuring young scooter,0,0,0,0,,
astronauts,future and juice wrld,0,0,0,0,14.0,90452.0
suncity,khalid featuring empress of,0,0,0,0,,
vertigo,khalid,0,0,0,0,5.0,216595.0
yacht club,lil yachty featuring juice wrld,0,0,0,0,15.0,364935.0
make it back,juice wrld,0,0,0,0,7.0,86792.0
kiss and make up,dua lipa and blackpink,0,0,0,0,,
africa,weezer,0,0,0,0,1.0,56307.0
get dripped,lil yachty featuring playboi carti,0,0,0,0,19.0,205250.0
meant to be,bebe rexha and florida georgia line,0,0,0,0,0.0,
flip the switch,quavo featuring drake,0,0,0,0,12.0,223430.0
simple,florida georgia line,0,0,0,0,0.0,119099.0
pass out,quavo featuring 21 savage,0,0,0,0,,
medicine,queen naija,0,0,0,0,20.0,1944252.0
biggest alley oop,quavo,0,0,0,0,15.0,104822.0
rerun,quavo featuring travis scott,0,0,0,0,,
don't cry,lil wayne featuring xxxtentacion,0,0,0,0,,
huncho dreams,quavo,0,0,0,0,19.0,233132.0
chanel,young thug featuring gunna and lil baby,0,0,0,0,,
thunderclouds,"labrinth, sia and diplo present... lsd",0,0,0,0,,
sunrise sunburn sunset,luke bryan,0,0,0,0,1.0,23102.0
if i'm lyin i'm flyin,kodak black,0,0,0,0,11.0,207359.0
lose it,quavo featuring lil baby,0,0,0,0,,
off white vlone,lil baby and gunna featuring lil durk and nav,0,0,0,0,,
business is business,lil baby and gunna,0,0,0,0,13.0,146513.0
is that alright,lady gaga,0,0,0,0,2.0,210226.0
let it fly,lil wayne featuring travis scott,0,0,0,0,22.0,477788.0
dedicate,lil wayne,0,0,0,0,29.0,547125.0
jumpsuit,twenty one pilots,0,0,0,0,7.0,636129.0
belly,lil baby and gunna,0,0,0,0,25.0,121907.0
my blood,twenty one pilots,0,0,0,0,8.0,894059.0
the way i am,charlie puth,0,0,0,0,11.0,353554.0
can't be broken,lil wayne,0,0,0,0,21.0,466410.0
maybe it's time,bradley cooper,0,0,0,0,3.0,245166.0
nico and the niners,twenty one pilots,0,0,0,0,12.0,1177546.0
deep end,lil baby,0,0,0,0,3.0,137111.0
i am,lil baby and gunna,0,0,0,0,,
what about me,lil wayne featuring sosamann,0,0,0,0,1.0,219105.0
dark side of the moon,lil wayne featuring nicki minaj,0,0,0,0,10.0,335009.0
famous,lil wayne featuring reginae carter,0,0,0,0,,
dope n z,lil wayne featuring snoop dogg,0,0,0,0,,
open letter,lil wayne,0,0,0,0,10.0,287753.0
problems,lil wayne,0,0,0,0,13.0,131161.0
hittas,lil wayne,0,0,0,0,23.0,127308.0
open safe,lil wayne,0,0,0,0,20.0,112104.0
took his time,lil wayne,0,0,0,0,8.0,120645.0
mess,lil wayne,0,0,0,0,9.0,163186.0
let it all work out,lil wayne,0,0,0,0,16.0,492275.0
start this s t off right,lil wayne featuring ashanti and mack maine,0,0,0,0,,
used 2,lil wayne,0,0,0,0,20.0,195214.0
rap devil,machine gun kelly,0,0,0,0,55.0,3464990.0
demon,lil wayne,0,0,0,0,5.0,142894.0
perfect strangers,lil wayne,0,0,0,0,3.0,162374.0
dope new gospel,lil wayne featuring nivea,0,0,0,0,20.0,94095.0
head above water,avril lavigne,0,0,0,0,3.0,265183.0
perfect,ed sheeran,0,0,0,0,12.0,7612800.0
nice for what,drake,0,0,0,0,16.0,3120325.0
god's plan,drake,0,0,0,0,20.0,9914923.0
barbie dreams,nicki minaj,0,0,0,0,45.0,2863241.0
all girls are the same,juice wrld,0,0,0,0,5.0,2666916.0
fall,eminem,0,0,0,0,35.0,2906492.0
life changes,thomas rhett,0,0,0,0,7.0,150385.0
hooked,dylan scott,0,0,0,0,1.0,25085.0
stargazing,travis scott,0,0,0,0,27.0,2353363.0
lean wit me,juice wrld,0,0,0,0,17.0,1190633.0
self care,mac miller,0,0,0,0,26.0,1697986.0
otw,"khalid, ty dolla $ign and 6lack",0,0,0,0,,
remind me to forget,kygo featuring miguel,0,0,0,0,5.0,476915.0
the ringer,eminem,0,0,0,0,52.0,4357758.0
apes t,the carters,0,0,0,0,,
hopeless romantic,wiz khalifa featuring swae lee,0,0,0,0,7.0,375449.0
solo,clean bandit featuring demi lovato,0,0,0,0,,
vaina loca,ozuna x manuel turizo,0,0,0,0,,
pretty little fears,6lack featuring j. cole,0,0,0,0,20.0,1857708.0
mercy,brett young,0,0,0,0,0.0,236016.0
side effects,the chainsmokers featuring emily warren,0,0,0,0,3.0,115916.0
cry pretty,carrie underwood,0,0,0,0,2.0,163660.0
not alike,eminem featuring royce da 5'9,0,0,0,0,,
kamikaze,eminem,0,0,0,0,32.0,2305018.0
mine,bazzi,0,0,0,0,13.0,1885267.0
te bote,"casper magico, nio garcia, darell, nicky jam, ozuna and bad bunny",0,0,0,0,,
hurt feelings,mac miller,0,0,0,0,26.0,595869.0
greatest,eminem,0,0,0,0,30.0,1612269.0
come back to earth,mac miller,0,0,0,0,10.0,759762.0
idol,bts featuring nicki minaj,0,0,0,0,,
feels like summer,childish gambino,0,0,0,0,8.0,699223.0
i'm upset,drake,0,0,0,0,14.0,2057910.0
narcos,migos,0,0,0,0,44.0,950571.0
normal,eminem,0,0,0,0,22.0,698278.0
stepping stone,eminem,0,0,0,0,17.0,833761.0
nice guy,eminem and jessie reyez,0,0,0,0,13.0,557504.0
good guy,eminem featuring jessie reyez,0,0,0,0,,
i am who they say i am,youngboy never broke again featuring kevin gates and quando rondo,0,0,0,0,9.0,301840.0
1942,g-eazy featuring yo gotti and ybn nahmir,0,0,0,0,,
summertime magic,childish gambino,0,0,0,0,4.0,179722.0
friends,marshmello and anne-marie,0,0,0,0,,
never be the same,camila cabello,0,0,0,0,7.0,2079515.0
one kiss,calvin harris and dua lipa,0,0,0,0,,
moonlight,xxxtentacion,0,0,0,0,8.0,3278261.0
get along,kenny chesney,0,0,0,0,1.0,100009.0
unica,ozuna,0,0,0,0,1.0,200256.0
changes,xxxtentacion,0,0,0,0,3.0,3200272.0
happy now,zedd and elley duhe,0,0,0,0,3.0,460147.0
level up,ciara,0,0,0,0,2.0,224411.0
taking a walk,trippie redd,0,0,0,0,9.0,572167.0
don't go breaking my heart,backstreet boys,0,0,0,0,2.0,147126.0
mob ties,drake,0,0,0,0,19.0,1258316.0
wasted,juice wrld featuring lil uzi vert,0,0,0,0,,
sin pijama,becky g + natti natasha,0,0,0,0,,
this is america,childish gambino,0,0,0,0,20.0,5694199.0
in my blood,shawn mendes,0,0,0,0,15.0,1605665.0
sweetener,ariana grande,0,0,0,0,5.0,1282888.0
everytime,ariana grande,0,0,0,0,5.0,718336.0
r e m,ariana grande,0,0,0,0,2.0,6673.0
kiss somebody,morgan evans,0,0,0,0,0.0,31777.0
goodnight n go,ariana grande,0,0,0,0,5.0,955588.0
made for now,janet and daddy yankee,0,0,0,0,6.0,72898.0
the light is coming,ariana grande featuring nicki minaj,0,0,0,0,9.0,901095.0
bed,nicki minaj featuring ariana grande,0,0,0,0,1.0,
growing pains,alessia cara,0,0,0,0,19.0,155294.0
take back home girl,chris lane featuring tori kelly,0,0,0,0,0.0,82583.0
pete davidson,ariana grande,0,0,0,0,5.0,1327043.0
chun-li,nicki minaj,0,0,0,0,27.0,2236010.0
rich sex,nicki minaj featuring lil wayne,0,0,0,0,15.0,475025.0
majesty,nicki minaj featuring eminem and labrinth,0,0,0,0,,
ganja burns,nicki minaj,0,0,0,0,,
be careful,cardi b,0,0,0,0,13.0,2467298.0
stop trying to be god,travis scott,0,0,0,0,18.0,1590875.0
can't say,travis scott,0,0,0,0,18.0,1854771.0
r i p screw,travis scott,0,0,0,0,,
no bystanders,travis scott,0,0,0,0,22.0,1490232.0
carousel,travis scott,0,0,0,0,27.0,1039486.0
album of the year,j. cole,0,0,0,0,27.0,311359.0
5 tint,travis scott,0,0,0,0,13.0,692299.0
have it all,jason mraz,0,0,0,0,12.0,380305.0
nevermind,dennis lloyd,0,0,0,0,6.0,295022.0
thought i knew you,nicki minaj featuring the weeknd,0,0,0,0,5.0,219890.0
nc-17,travis scott,0,0,0,0,14.0,799375.0
who what,travis scott,0,0,0,0,16.0,683507.0
skeletons,travis scott,0,0,0,0,13.0,1051438.0
astrothunder,travis scott,0,0,0,0,9.0,1066370.0
butterfly effect,travis scott,0,0,0,0,21.0,3031875.0
houstonfornication,travis scott,0,0,0,0,24.0,845652.0
coffee bean,travis scott,0,0,0,0,12.0,698619.0
could've been,h.e.r. featuring bryson tiller,0,0,0,0,,
up down,morgan wallen featuring florida georgia line,0,0,0,0,,
i was jack,jake owen,0,0,0,0,2.0,19175.0
coming home,keith urban featuring julia michaels,0,0,0,0,1.0,62556.0
handgun,yg featuring a$ap rocky,0,0,0,0,,
whatever it takes,imagine dragons,0,0,0,0,17.0,1415108.0
look alive,blocboy jb featuring drake,0,0,0,0,,
sober,demi lovato,0,0,0,0,8.0,664588.0
sit next to me,foster the people,0,0,0,0,11.0,334686.0
one number away,luke combs,0,0,0,0,3.0,118282.0
don't matter to me,drake featuring michael jackson,0,0,0,0,,
ocean,tk kravitz featuring jacqueez,0,0,0,0,11.0,276846.0
one day,logic featuring ryan tedder,0,0,0,0,0.0,
freaky friday,lil dicky featuring chris brown,0,0,0,0,21.0,2190581.0
praise the lord,a$ap rocky featuring skepta,0,0,0,0,24.0,2409014.0
ball for me,post malone featuring nicki minaj,0,0,0,0,17.0,476156.0
call out my name,the weeknd,0,0,0,0,8.0,3403195.0
all mine,kanye west,0,0,0,0,11.0,2560987.0
ocean,martin garrix featuring khalid,0,0,0,0,,
karma,queen naija,0,0,0,0,9.0,335355.0
x,nicky jam x j balvin,0,0,0,0,,
i might need security,chance the rapper,0,0,0,0,50.0,421824.0
emotionless,drake,0,0,0,0,18.0,1721108.0
can't take a joke,drake,0,0,0,0,14.0,672421.0
elevate,drake,0,0,0,0,16.0,729045.0
fr fr,wiz khalifa featuring lil skies,0,0,0,0,3.0,124103.0
blue tint,drake,0,0,0,0,11.0,620275.0
after dark,drake featuring static major and ty dolla $ign,0,0,0,0,,
alone,halsey featuring big sean and stefflon don,0,0,0,0,,
everything's gonna be alright,david lee murphy and kenny chesney,0,0,0,0,1.0,20746.0
zombie,bad wolves,0,0,0,0,8.0,374850.0
8 out of 10,drake,0,0,0,0,23.0,757464.0
31 days,future,0,0,0,0,5.0,191832.0
talk up,drake featuring jay-z,0,0,0,0,26.0,700498.0
wifi lit,future,0,0,0,0,6.0,111871.0
jocelyn flores,xxxtentacion,0,0,0,0,13.0,7270076.0
sandra's rose,drake,0,0,0,0,37.0,720228.0
summer games,drake,0,0,0,0,9.0,597289.0
jaded,drake,0,0,0,0,9.0,1150590.0
that's how you feel,drake,0,0,0,0,9.0,771314.0
survival,drake,0,0,0,0,22.0,731647.0
cuddle my wrist,future,0,0,0,0,4.0,79312.0
millidelphia,meek mill featuring swizz beatz,0,0,0,0,16.0,88322.0
racks blue,future,0,0,0,0,4.0,124251.0
finesse,drake,0,0,0,0,7.0,703738.0
drug addicts,lil pump,0,0,0,0,10.0,300551.0
kod,j. cole,0,0,0,0,16.0,1705729.0
peak,drake,0,0,0,0,8.0,496298.0
kream,iggy azalea feauring tyga,0,0,0,0,,
is there more,drake,0,0,0,0,21.0,590686.0
ratchet happy birthday,drake,0,0,0,0,11.0,402388.0
final fantasy,drake,0,0,0,0,10.0,443529.0
march 14,drake,0,0,0,0,14.0,676592.0
done for me,charlie puth featuring kehlani,0,0,0,0,2.0,424663.0
esskeetit,lil pump,0,0,0,0,21.0,967141.0
everybody dies in their nightmares,xxxtentacion,0,0,0,0,8.0,3255351.0
yikes,kanye west,0,0,0,0,27.0,1381219.0
downtown's dead,sam hunt,0,0,0,0,3.0,37063.0
japan,famous dex,0,0,0,0,11.0,871937.0
me niego,reik featuring ozuna and wisin,0,0,0,0,,
the remedy for a broken heart,xxxtentacion,0,0,0,0,10.0,2118018.0
i lived it,blake shelton,0,0,0,0,4.0,52259.0
plug walk,rich the kid,0,0,0,0,17.0,1050058.0
walk it talk it,migos featuring drake,0,0,0,0,27.0,1633834.0
rockstar,post malone featuring 21 savage,0,0,0,0,,
f k love,xxxtentacion featuring trippie redd,0,0,0,0,,
heaven,kane brown,0,0,0,0,2.0,202797.0
havana,camila cabello featuring young thug,0,0,0,0,,
new rules,dua lipa,0,0,0,0,12.0,4755445.0
wait,maroon 5,0,0,0,0,3.0,426490.0
dura,daddy yankee,0,0,0,0,0.0,160202.0
bigger you,"2 chainz, drake and quavo",0,0,0,0,22.0,213177.0
say amen,panic! at the disco,0,0,0,0,7.0,472868.0
hope,xxxtentacion,0,0,0,0,8.0,2632645.0
tati,6ix9ine featuring dj spinking,0,0,0,0,,
fake love,bts,0,0,0,0,5.0,1402478.0
i know you,lil skies featuring yung pinch,0,0,0,0,3.0,277965.0
numb,xxxtentacion,0,0,0,0,0.0,10388.0
powerglide,rae sremmurd and juicy j,0,0,0,0,,
life goes on,lil baby featuring gunna and lil uzi vert,0,0,0,0,,
overdose,youngboy never broke again,0,0,0,0,8.0,271665.0
woman amen,dierks bentley,0,0,0,0,0.0,23313.0
born to be yours,kygo and imagine dragons,0,0,0,0,1.0,202554.0
boss,the carters,0,0,0,0,9.0,496453.0
sativa,jhene aiko featuring swae lee or rae sremmurd,0,0,0,0,,
ddu-du ddu-du,blackpink,0,0,0,0,0.0,13323.0
idgaf,dua lipa,0,0,0,0,4.0,1365951.0
pray for me,the weeknd and kendrick lamar,0,0,0,0,,
summer,the carters,0,0,0,0,20.0,489472.0
welcome to the party,"diplo, french montana and lil pump featuring zhavia ward",0,0,0,0,,
dame tu cosita,pitbull x el chombo x karol g featuring cutty ranks,0,0,0,0,,
reborn,kids see ghosts,0,0,0,0,13.0,1059672.0
nice,the carters,0,0,0,0,25.0,630084.0
cop shot the kid,nas featuring kanye west,0,0,0,0,15.0,181589.0
friends,the carters,0,0,0,0,26.0,1231897.0
4th dimension,kids see ghosts featuring louis prima,0,0,0,0,14.0,766013.0
feel the love,kids see ghosts,0,0,0,0,10.0,681272.0
ghost town,kanye west featuring partynextdoor,0,0,0,0,,
you make it easy,jason aldean,0,0,0,0,1.0,236411.0
freeee,kids see ghosts,0,0,0,0,8.0,439569.0
fire,kids see ghosts,0,0,0,0,8.0,428273.0
cudi montage,kids see ghosts,0,0,0,0,8.0,607477.0
kids see ghosts,kids see ghosts,0,0,0,0,18.0,644821.0
violent crimes,kanye west,0,0,0,0,15.0,1846219.0
el farsante,ozuna and romeo santos,0,0,0,0,,
wouldn't leave,kanye west featuring partynextdoor,0,0,0,0,20.0,1120494.0
babe,sugarland featuring taylor swift,0,0,0,0,,
drip,cardi b featuring migos,0,0,0,0,22.0,861148.0
singles you up,jordan davis,0,0,0,0,6.0,38137.0
i thought about killing you,kanye west,0,0,0,0,27.0,1573324.0
no mistakes,kanye west,0,0,0,0,11.0,825931.0
finesse,bruno mars and cardi b,0,0,0,0,,
must've never met you,luke combs,0,0,0,0,0.0,59985.0
humility,gorillaz featuring george benson,0,0,0,0,,
watch,travis scott featuring lil uzi vert and kanye west,0,0,0,0,,
rich and sad,post malone,0,0,0,0,,
shoota,playboi carti featuring lil uzi vert,0,0,0,0,26.0,1061637.0
lust,lil skies,0,0,0,0,13.0,867069.0
paranoid,post malone,0,0,0,0,12.0,791053.0
new freezer,rich the kid featuring kendrick lamar,0,0,0,0,29.0,994957.0
all the stars,kendrick lamar and sza,0,0,0,0,,
ric flair drip,offset and metro boomin,0,0,0,0,,
a ap forever,a$ap rocky featuring moby,0,0,0,0,,
infrared,pusha t,0,0,0,0,18.0,773803.0
king's dead,"jay rock, kendrick lamar, future and james blake",0,0,0,0,,
if you know you know,pusha t,0,0,0,0,46.0,521590.0
what would meek do,pusha t featuring kanye west,0,0,0,0,27.0,609389.0
youth,shawn mendes featuring khalid,0,0,0,0,7.0,624630.0
dinero,jennifer lopez featuring dj khaled and cardi b,0,0,0,0,,
for the first time,darius rucker,0,0,0,0,1.0,26264.0
most people are good,luke bryan,0,0,0,0,7.0,132335.0
everyday,logic and marshmello,0,0,0,0,6.0,728612.0
spoil my night,post malone featuring swae lee,0,0,0,0,9.0,452037.0
the games we play,pusha t,0,0,0,0,42.0,338423.0
change lanes,kevin gates,0,0,0,0,7.0,193547.0
like that,kris wu,0,0,0,0,1.0,41158.0
southside,lil baby,0,0,0,0,10.0,236841.0
let it sing,kevin gates,0,0,0,0,2.0,53598.0
sangria wine,pharrell williams x camila cabello,0,0,0,0,,
champion,nav featuring travis scott,0,0,0,0,,
red roses,lil skies featuring landon cube,0,0,0,0,36.0,1486883.0
stay,post malone,0,0,0,0,4.0,1507502.0
atm,j. cole,0,0,0,0,17.0,1189279.0
kevin's heart,j. cole,0,0,0,0,22.0,1896238.0
no excuses,meghan trainor,0,0,0,0,11.0,162333.0
gucci flip flops,bhad bhabie featuring lil yachty,0,0,0,0,14.0,1135790.0
outside today,youngboy never broke again,0,0,0,0,18.0,600398.0
stir fry,migos,0,0,0,0,26.0,1525610.0
over now,post malone,0,0,0,0,7.0,786184.0
zack and codeine,post malone,0,0,0,0,12.0,412925.0
same bitches,post malone featuring g-eazy and yg,0,0,0,0,14.0,400261.0
when we,tank,0,0,0,0,14.0,304979.0
takin' shots,post malone,0,0,0,0,14.0,318131.0
92 explorer,post malone,0,0,0,0,12.0,523672.0
say something,justin timberlake featuring chris stapleton,0,0,0,0,6.0,711782.0
bartier cardi,cardi b featuring 21 savage,0,0,0,0,30.0,2590111.0
barbie tingz,nicki minaj,0,0,0,0,24.0,1199886.0
otherside,post malone,0,0,0,0,6.0,427869.0
blame it on me,post malone,0,0,0,0,3.0,337774.0
diamond teeth samurai,youngboy never broke again,0,0,0,0,9.0,165301.0
famous,mason ramsey,0,0,0,0,5.0,211999.0
i do,cardi b featuring sza,0,0,0,0,,
preach,youngboy never broke again,0,0,0,0,6.0,258629.0
candy paint,post malone,0,0,0,0,26.0,1245240.0
sugar wraith,post malone,0,0,0,0,11.0,391902.0
motiv8,j. cole,0,0,0,0,16.0,633143.0
jonestown,post malone,0,0,0,0,2.0,124171.0
1985,j. cole,0,0,0,0,23.0,1704592.0
photograph,j. cole,0,0,0,0,5.0,833924.0
ye vs the people,kanye west featuring t.i.,0,0,0,0,0.0,
the cut off,j. cole featuring kill edward,0,0,0,0,9.0,686166.0
brackets,j. cole,0,0,0,0,24.0,615643.0
wake me up,avicii,0,0,0,0,9.0,1040913.0
window pain,j. cole,0,0,0,0,19.0,611209.0
thunder,imagine dragons,0,0,0,0,10.0,2542019.0
friends,j. cole featuring kill edward,0,0,0,0,,
once an addict,j. cole,0,0,0,0,18.0,438279.0
let you down,nf,0,0,0,0,6.0,1997375.0
feel it still,portugal. the man,0,0,0,0,22.0,1482699.0
intro,j. cole,0,0,0,0,4.0,66924.0
the long way,brett eldredge,0,0,0,0,0.0,17751.0
this is me,keala settle and the greatest showman ensemble,0,0,0,0,,
close,rae sremmurd and travis scott,0,0,0,0,14.0,278636.0
thru your phone,cardi b,0,0,0,0,4.0,968842.0
best life,cardi b featuring chance the rapper,0,0,0,0,,
lights down low,max featuring gnash,0,0,0,0,2.0,347055.0
i fall apart,post malone,0,0,0,0,18.0,2789869.0
him and i,g-eazy and halsey,0,0,0,0,13.0,3260117.0
bad at love,halsey,0,0,0,0,10.0,1256173.0
marry me,thomas rhett,0,0,0,0,5.0,180468.0
bickenhead,cardi b,0,0,0,0,13.0,509230.0
let me,zayn,0,0,0,0,9.0,774187.0
wasted times,the weeknd,0,0,0,0,6.0,1592960.0
get up 10,cardi b,0,0,0,0,18.0,793811.0
guatemala,swae lee featuring slim jxmmi,0,0,0,0,,
money bag,cardi b,0,0,0,0,14.0,424874.0
anybody,young thug featuring nicki minaj,0,0,0,0,17.0,446636.0
she bad,cardi b and yg,0,0,0,0,8.0,497379.0
billy,6ix9ine,0,0,0,0,15.0,1381932.0
top off,"dj khaled featuring jay z, future and b",0,0,0,0,,
she's with me,high valley,0,0,0,0,0.0,5539.0
get you,daniel caesar featuring kali uchis,0,0,0,0,13.0,2118573.0
broken clocks,sza,0,0,0,0,24.0,1438688.0
five more minutes,scotty mccreery,0,0,0,0,8.0,35864.0
gotti,6ix9ine,0,0,0,0,9.0,754363.0
hardaway,derez de'shon,0,0,0,0,13.0,286583.0
tell me you love me,demi lovato,0,0,0,0,4.0,634993.0
try me,the weeknd,0,0,0,0,4.0,1090519.0
broken halos,chris stapleton,0,0,0,0,4.0,157571.0
all on me,devin dawson,0,0,0,0,6.0,95320.0
no roots,alice merton,0,0,0,0,5.0,369409.0
proud,2 chainz featuring yg and offset,0,0,0,0,,
i was never there,the weeknd featuring gesaffelstein,0,0,0,0,8.0,1154723.0
hurt you,the weeknd featuring gesaffelstein,0,0,0,0,,
lemon,n*e*r*d and rihanna,0,0,0,0,,
privilege,the weeknd,0,0,0,0,8.0,1045268.0
nowadays,lil skies featuring landon cube,0,0,0,0,15.0,1226297.0
no smoke,youngboy never broke again,0,0,0,0,5.0,297075.0
tempo,chris brown,0,0,0,0,1.0,194275.0
okra,"tyler, the creator",0,0,0,0,40.0,566584.0
echame la culpa,luis fonsi and demi lovato,0,0,0,0,4.0,941731.0
written in the sand,old dominion,0,0,0,0,2.0,77634.0
la modelo,ozuna x cardi b,0,0,0,0,,
beautiful trauma,p!nk,0,0,0,0,5.0,340040.0
nbayoungboat,lil yachty featuring nba youngboy,0,0,0,0,21.0,307781.0
focus,h.e.r.,0,0,0,0,4.0,838296.0
no limit,g-eazy featuring a$ap rocky and cardi b,0,0,0,0,,
love,kendrick lamar featuring zacari,0,0,0,0,,
wolves,selena gomez x marshmello,0,0,0,0,,
motorsport,"migos, nicki minaj and cardi b",0,0,0,0,,
gummo,6ix9ine,0,0,0,0,24.0,3536068.0
pick it up,famous dex featuring a$ap rocky,0,0,0,0,32.0,1015360.0
betrayed,lil xan,0,0,0,0,17.0,1917159.0
44 more,logic,0,0,0,0,30.0,1685288.0
booty,blac youngsta,0,0,0,0,24.0,366585.0
rubbin off the paint,ybn nahmir,0,0,0,0,33.0,1050468.0
dark knight dummo,trippie redd featuring travis scott,0,0,0,0,21.0,1000985.0
young dumb and broke,khalid,0,0,0,0,,
how long,charlie puth,0,0,0,0,2.0,1098730.0
found tonight,lin-manuel miranda and ben platt,0,0,0,0,12.0,143312.0
sky walker,miguel featuring travis scott,0,0,0,0,,
infinity,xxxtentacion featuring joey bada$$,0,0,0,0,23.0,1098956.0
going down,xxxtentacion,0,0,0,0,10.0,427109.0
at the club,jacquees x dej loaf,0,0,0,0,,
everybody hates me,the chainsmokers,0,0,0,0,4.0,231565.0
plain jane,a$ap ferg featuring nicki minaj,0,0,0,0,,
sorry not sorry,demi lovato,0,0,0,0,7.0,2517810.0
indica badu,logic featuring wiz khalifa,0,0,0,0,19.0,310662.0
contra,logic,0,0,0,0,12.0,227211.0
overnight,logic,0,0,0,0,12.0,263321.0
66,lil yachty featuring trippie redd,0,0,0,0,,
midnight,logic,0,0,0,0,19.0,433076.0
wassup,logic featuring big sean,0,0,0,0,,
river,eminem featuring ed sheeran,0,0,0,0,,
yuck,logic,0,0,0,0,15.0,275445.0
boom,lil yachty featuring ugly god,0,0,0,0,16.0,108057.0
x,"schoolboy q, 2 chainz and saudi",0,0,0,0,,
boomtrap protocol,logic,0,0,0,0,16.0,146322.0
warm it up,logic featuring young sinatra,0,0,0,0,,
good old days,macklemore featuring kesha,0,0,0,0,13.0,479621.0
the champion,carrie underwood featuring ludacris,0,0,0,0,1.0,99013.0
keke,"6ix9ine, fetty wap and a boogie wit da hoodie",0,0,0,0,,
stranger things,joyner lucas and chris brown,0,0,0,0,33.0,731574.0
paramedic,sob x rbe,0,0,0,0,55.0,709707.0
corazon,maluma x nego do borel,0,0,0,0,,
bodak yellow,cardi b,0,0,0,0,29.0,8278902.0
want you back,5 seconds of summer,0,1,0,0,6.0,328519.0
yours,russell dickerson,0,0,0,0,6.0,82772.0
rondo,6ix9ine featuring tory lanez and young thug,0,0,0,0,,
you broke up with me,walker hayes,0,0,0,0,5.0,179151.0
kooda,6ix9ine,0,0,0,0,12.0,1274453.0
the ways,khalid and swae lee,0,0,0,0,4.0,374838.0
notice me,migos featuring post malone,0,0,0,0,,
codeine dreaming,kodak black featuring lil wayne,0,0,0,0,28.0,522547.0
mayores,becky g featuring bad bunny,0,0,0,0,,
make me feel,janelle monae,1,0,0,0,8.0,298788.0
rock,plies,0,0,0,0,1.0,277968.0
shape of you,ed sheeran,0,0,0,0,10.0,15596518.0
too good at goodbyes,sam smith,0,0,0,0,4.0,8000064.0
gucci gang,lil pump,0,0,0,0,20.0,4674867.0
i get the bag,gucci mane featuring migos,0,0,0,0,28.0,1700296.0
let me go,hailee steinfeld and alesso featuring florida georgia line and watt,0,0,0,0,,
big shot,kendrick lamar and travis scott,0,0,0,0,22.0,675591.0
legends,kelsea ballerini,0,0,0,0,2.0,44747.0
end game,taylor swift featuring ed sheeran and future,0,0,0,0,,
for you,liam payne and rita ora,0,0,0,0,,
one foot,walk the moon,0,0,0,0,10.0,77286.0
female,keith urban,0,0,0,0,6.0,121350.0
1-800-273-8255,logic featuring alessia cara and khalid,0,0,0,0,,
roll in peace,kodak black featuring xxxtentacion,0,0,0,0,15.0,1597588.0
filthy,justin timberlake,0,0,0,0,5.0,445510.0
black panther,kendrick lamar,0,0,0,0,21.0,358554.0
criminal,natti natasha x ozuna,0,0,0,0,,
rewrite the stars,zac efron and zendaya,0,0,0,0,13.0,3680305.0
like i loved you,brett young,0,0,0,0,1.0,48543.0
losing sleep,chris young,0,0,0,0,1.0,35145.0
man of the woods,justin timberlake,0,0,0,0,2.0,139202.0
diplomatic immunity,drake,0,0,0,0,39.0,1116473.0
bbo,migos featuring 21 savage,0,0,0,0,,
sick boy,the chainsmokers,0,0,0,0,12.0,590665.0
a girl like you,easton corbin,0,0,0,0,1.0,
supplies,justin timberlake,0,0,0,0,3.0,148670.0
believer,imagine dragons,0,0,0,0,11.0,7975052.0
the way life goes,lil uzi vert featuring nicki minaj,0,0,0,0,43.0,941580.0
supastars,migos,0,0,0,0,20.0,190421.0
white sand,"migos featuring travis scott, ty dolla $ign and big sean",0,0,0,0,,
gang gang,migos,0,0,0,0,18.0,294997.0
higher we go,migos,0,0,0,0,23.0,173330.0
auto pilot,migos,0,0,0,0,15.0,115316.0
emoji a chain,migos,0,0,0,0,15.0,150453.0
round here buzz,eric church,0,0,0,0,11.0,34352.0
cc,migos featuring gucci mane,0,0,0,0,,
best friend,"sofi tukker featuring nervo, the knocks and alisa ueno",0,0,0,0,,
mic drop,bts featuring desiigner,0,0,0,0,,
what lovers do,maroon 5 featuring sza,0,0,0,0,2.0,1677519.0
mi gente,j balvin and willy william featuring beyonce,0,0,0,0,,
bank account,21 savage,0,0,0,0,22.0,2974648.0
attention,charlie puth,0,0,0,0,9.0,4054579.0
unforgettable,french montana featuring swae lee,0,0,0,0,,
pills and automobiles,"chris brown featuring yo gotti, a boogie wit da hoodie and kodak black",0,0,0,0,,
greatest love story,lanco,0,0,0,0,0.0,174036.0
no name,nf,0,0,0,0,16.0,337114.0
ice tray,quavo and lil yachty,0,0,0,0,,
the greatest show,"hugh jackman, keala settle, zac efron, zendaya and the greatest showman ensemble",0,0,0,0,,
never enough,loren allred,0,0,0,0,5.0,2190365.0
my dawg,lil baby,0,0,0,0,16.0,504122.0
i'll name the dogs,blake shelton,0,0,0,0,1.0,34044.0
the weekend,sza,0,0,0,0,5.0,2763138.0
silence,marshmello featuring khalid,0,0,0,0,,
my my my,troye sivan,0,0,0,0,9.0,448989.0
krippy kush,"farruko, nicki minaj, bad bunny, 21 savage and rvssian",0,0,0,0,,
ready for it,taylor swift,0,0,0,0,9.0,2066529.0
el bano,enrique iglesias featuring bad bunny,0,0,0,0,3.0,239134.0
despacito,luis fonsi and daddy yankee featuring justin bieber,0,0,0,0,,
that's what i like,bruno mars,0,0,0,0,14.0,3364578.0
i could use a love song,maren morris,0,0,0,0,0.0,35552.0
i miss you,clean bandit featuring julia michaels,0,0,0,0,2.0,415378.0
too much to ask,niall horan,0,0,0,0,4.0,680540.0
home,"machine gun kelly, x ambassadors and bebe rexha",0,0,0,0,1.0,
juice,yo gotti,0,0,0,0,24.0,413346.0
what about us,p!nk,0,0,0,0,4.0,931150.0
look what you made me do,taylor swift,0,0,0,0,13.0,2192740.0
light it up,luke bryan,0,0,0,0,0.0,53500.0
dusk till dawn,zayn featuring sia,0,0,0,0,,
wanted you,nav featuring lil uzi vert,0,0,0,0,,
the race,tay-k,0,0,0,0,17.0,2337720.0
eye 2 eye,huncho jack featuring takeoff,0,0,0,0,17.0,250343.0
modern slavery,huncho jack,0,0,0,0,20.0,401887.0
thunder young dumb and broke,imagine dragons + khalid,0,0,0,0,1.0,59235.0
black and chinese,huncho jack,0,0,0,0,16.0,371989.0
dubai shit,huncho jack featuring offset,0,0,0,0,25.0,601825.0
huncho jack,huncho jack,0,0,0,0,21.0,332430.0
motorcycle patches,huncho jack,0,0,0,0,31.0,302191.0
saint,huncho jack,0,0,0,0,13.0,267874.0
walk on water,eminem featuring beyonce,0,0,0,0,26.0,2233168.0
humble,kendrick lamar,0,0,0,0,21.0,12178730.0
there's nothing holdin' me back,shawn mendes,0,0,0,0,7.0,2945884.0
go legend,big sean and metro boomin featuring travis scott,0,0,0,0,,
when it rains it pours,luke combs,0,0,0,0,6.0,196063.0
unforgettable,thomas rhett,0,0,0,0,3.0,128662.0
pull up n wreck,big sean and metro boomin featuring 21 savage,0,0,0,0,,
danger,migos and marshmello,0,0,0,0,7.0,341008.0
untouchable,eminem,0,0,0,0,50.0,924843.0
ghostface killers,"21 savage, offset and metro boomin featuring travis scott",0,0,0,0,,
faking it,calvin harris featuring kehlani and lil yachty,0,0,0,0,,
congratulations,post malone featuring quavo,0,0,0,0,,
love so soft,kelly clarkson,0,0,0,0,1.0,76125.0
transportin',kodak black,0,0,0,0,27.0,504267.0
ask me how i know,garth brooks,0,0,0,0,0.0,146483.0
bella y sensual,romeo santos featuring nicky jam and daddy yankee,0,0,0,0,5.0,138232.0
sauce it up,lil uzi vert,0,0,0,0,24.0,643869.0
rake it up,yo gotti featuring nicki minaj,0,0,0,0,37.0,2477480.0
praying,kesha,0,0,0,0,7.0,1133036.0
strip that down,liam payne featuring quavo,0,0,0,0,10.0,1904589.0
do re mi,blackbear,0,0,0,0,17.0,1283322.0
slow hands,niall horan,0,0,0,0,3.0,1078871.0
fix a drink,chris janson,0,0,0,0,4.0,10703.0
it's everyday bro,jake paul featuring team 10,0,0,0,0,23.0,5133677.0
go flex,post malone,0,0,0,0,10.0,1353373.0
total eclipse of the heart,chloe kohanski,0,0,0,0,,
perro fiel,shakira featuring nicky jam,0,0,0,0,1.0,65679.0
awful things,lil peep,0,0,0,0,5.0,1020304.0
relationship,young thug featuring future,0,0,0,0,13.0,751569.0
every little thing,carly pearce,0,0,0,0,0.0,21544.0
glorious,macklemore featuring skylar grey,0,0,0,0,20.0,1419489.0
questions,chris brown,0,0,0,0,5.0,316667.0
the rest of our life,tim mcgraw and faith hill,0,0,0,0,0.0,16663.0
what ifs,kane brown featuring lauren alaina,0,0,0,0,1.0,294892.0
xo tour llif3,lil uzi vert,0,0,0,0,18.0,9297946.0
something just like this,the chainsmokers and coldplay,0,0,0,0,,
crew,goldlink featuring brent faiyaz and shy glizzy,0,0,0,0,,
call it what you want,taylor swift,0,0,0,0,19.0,1439785.0
rap saved me,"21 savage, offset and metro boomin featuring quavo",0,0,0,0,,
gorgeous,taylor swift,0,0,0,0,14.0,1268077.0
smooth,florida georgia line,0,0,0,0,3.0,34719.0
the plan,g-eazy,0,0,0,0,22.0,227649.0
patek water,future and young thug featuring offset,0,0,0,0,,
wild thoughts,dj khaled featuring rihanna and bryson tiller,0,0,0,0,,
body like a back road,sam hunt,0,0,0,0,9.0,343346.0
my choppa hate n s,21 savage and metro boomin,0,0,0,0,,
pray,sam smith featuring logic,0,0,0,0,,
mad stalkers,"21 savage, offset and metro boomin",0,0,0,0,11.0,177383.0
nightmare,offset and metro boomin,0,0,0,0,8.0,150868.0
location,khalid,0,0,0,0,10.0,2715586.0
heartache on the dance floor,jon pardi,0,0,0,0,3.0,32669.0
b e d,jacquees,0,0,0,0,,
too hotty,"quavo, takeoff and offset",0,0,0,0,,
all the pretty girls,kenny chesney,0,0,0,0,1.0,28105.0
more girls like you,kip moore,0,0,0,0,3.0,21111.0
high end,chris brown featuring future and young thug,0,0,0,0,,
love galore,sza featuring travis scott,0,0,0,0,,
no cap,future and young thug,0,0,0,0,,
feed me dope,future,0,0,0,0,5.0,90347.0
escapate conmigo,wisin featuring ozuna,0,0,0,0,,
all da smoke,future and young thug,0,0,0,0,12.0,218692.0
it's a vibe,"2 chainz featuring ty dolla $ign, trey songz and jhene aiko",0,0,0,0,,
4 da gang,future,0,0,0,0,11.0,118324.0
friends,justin bieber + bloodpop,0,0,0,0,,
bedroom floor,liam payne,0,0,0,0,4.0,150077.0
three,future and young thug,0,0,0,0,,
say you won't let go,james arthur,0,0,0,0,12.0,4979460.0
no promises,cheat codes featuring demi lovato,0,0,0,0,8.0,489633.0
small town boy,dustin lynch,0,0,0,0,1.0,56347.0
curve,gucci mane featuring the weeknd,0,0,0,0,18.0,456145.0
feels,"calvin harris featuring pharrell williams, katy perry and big sean",1,0,0,0,0.0,
stunting ain't nuthin,gucci mane featuring slim jxmmi and young dolph,0,0,0,0,8.0,100329.0
they don't know,jason aldean,0,0,0,0,2.0,7340.0
do i make you wanna,billy currington,0,0,0,0,0.0,13185.0
almost like praying,lin-manuel miranda featuring artists for puerto rico,0,0,0,0,,
loyalty,kendrick lamar featuring rihanna,0,0,0,0,,
dear hate,maren morris featuring vince gill,0,0,0,0,5.0,65127.0
no promises,a boogie wit da hoodie,0,0,0,0,12.0,562684.0
say a',a boogie wit da hoodie,0,0,0,0,37.0,311936.0
dna,bts,0,0,0,0,2.0,843284.0
redbone,childish gambino,0,0,0,0,8.0,5370702.0
hi bich,bhad bhabie,0,0,0,0,22.0,810161.0
undefeated,a boogie wit da hoodie featuring 21 savage,0,0,0,0,12.0,134635.0
beast mode,a boogie wit da hoodie featuring pnb rock and youngboy never broke again,0,0,0,0,,
it ain't my fault,brothers osborne,0,0,0,0,0.0,41840.0
no such thing as a broken heart,old dominion,0,0,0,0,4.0,71673.0
whatever you need,meek mill featuring chris brown and ty dolla $ign,0,0,0,0,,
i'm the one,"dj khaled featuring justin bieber, quavo, chance the rapper and lil wayne",1,0,0,0,11.0,6541.0
stay,zedd and alessia cara,0,0,0,0,0.0,
felices los 4,maluma,0,0,0,0,1.0,476046.0
back to you,louis tomlinson featuring bebe rexha and digital farm animals,0,0,0,0,,
fetish,selena gomez featuring gucci mane,0,0,0,0,,
wish i knew you,the revivalists,0,0,0,0,2.0,169850.0
mask off,future,0,0,0,0,27.0,7004584.0
homemade dynamite,"lorde featuring khalid, post malone and sza",0,0,0,0,,
drinkin' problem,midland,0,0,0,0,8.0,306559.0
these heaux,bhad bhabie,0,0,0,0,6.0,332830.0
no complaints,metro boomin featuring offset and drake,0,0,0,0,,
magnolia,playboi carti,0,0,0,0,25.0,2795808.0
found you,kane brown,0,0,0,0,0.0,21245.0
versace on the floor,bruno mars,0,0,0,0,7.0,2229563.0
swish swish,katy perry featuring nicki minaj,0,0,0,0,28.0,1828569.0
444 222,lil uzi vert,0,0,0,0,16.0,418243.0
my girl,dylan scott,0,0,0,0,0.0,63325.0
most girls,hailee steinfeld,0,0,0,0,5.0,535885.0
dark queen,lil uzi vert,0,0,0,0,18.0,570350.0
x,lil uzi vert,0,0,0,0,12.0,382171.0
neon guts,lil uzi vert featuring pharrell williams,0,0,0,0,51.0,1133224.0
revenge,xxxtentacion,0,0,0,0,7.0,3970226.0
somebody else will,justin moore,0,0,0,0,0.0,5771.0
reminder,the weeknd,0,0,0,0,23.0,3789214.0
no fear,dej loaf,0,0,0,0,13.0,157703.0
it ain't me,kygo x selena gomez,0,0,0,0,,
dna,kendrick lamar,0,0,0,0,38.0,6592623.0
two,lil uzi vert,0,0,0,0,18.0,354606.0
for real,lil uzi vert,0,0,0,0,25.0,297625.0
unfazed,lil uzi vert featuring the weeknd,0,0,0,0,13.0,241899.0
no sleep leak,lil uzi vert,0,0,0,0,15.0,238282.0
depression and obsession,xxxtentacion,0,0,0,0,6.0,1253500.0
save me,xxxtentacion,0,0,0,0,,
carry on,xxxtentacion,0,0,0,0,5.0,1356537.0
down,fifth harmony featuring gucci mane,0,0,0,0,4.0,246476.0
now or never,halsey,0,0,0,0,7.0,443885.0
everyday we lit,yfn lucci featuring pnb rock,0,0,0,0,11.0,314969.0
drowning,a boogie wit da hoodie featuring kodak black,0,0,0,0,23.0,2320421.0
castle on the hill,ed sheeran,0,0,0,0,11.0,2428036.0
you look good,lady antebellum,0,0,0,0,0.0,14071.0
2u,david guetta featuring justin bieber,0,0,0,0,,
younger now,miley cyrus,0,0,0,0,3.0,144679.0
its every night sis,ricegum featuring alissa violet,0,0,0,0,35.0,1187571.0
honest,the chainsmokers,0,0,0,0,2.0,182923.0
flatliner,cole swindell,0,0,0,0,8.0,18197.0
perplexing pegasus,rae sremmurd,0,0,0,0,22.0,308511.0
for her,chris lane,0,0,0,0,7.0,13386.0
patty cake,kodak black,0,0,0,0,20.0,286133.0
4 am,2 chainz featuring travis scott,0,0,0,0,,
untouchable,youngboy never broke again,0,0,0,0,22.0,774644.0
privacy,chris brown,0,0,0,0,5.0,1429448.0
know no better,"major lazer featuring travis scott, camila cabello and quavo",0,0,0,0,,
in case you didn't know,brett young,0,0,0,0,3.0,255050.0
slippery,migos featuring gucci mane,0,0,0,0,,
craving you,thomas rhett featuring maren morris,0,0,0,0,1.0,127557.0
malibu,miley cyrus,0,0,0,0,9.0,1134854.0
bad liar,selena gomez,0,0,0,0,8.0,1134319.0
first day out,tee grizzley,0,0,0,0,48.0,3177985.0
something new,wiz khalifa featuring ty dolla $ign,0,0,0,0,10.0,244068.0
it's goin' down,descendants 2 cast,0,0,0,0,,
el amante,nicky jam,0,0,0,0,3.0,67114.0
wokeuplikethis,playboi carti featuring lil uzi vert,0,0,0,0,,
issues,julia michaels,0,0,0,0,9.0,3888613.0
omg,camila cabello featuring quavo,0,0,0,0,16.0,456033.0
what's my name,"china anne mcclain, thomas doherty and dylan playfair",0,0,0,0,10.0,286541.0
you da baddest,future featuring nicki minaj,0,0,0,0,14.0,322864.0
chillin' like a villain,"sofia carson, cameron boyce, booboo stewart and mitchell hope",0,0,0,0,,
rolex,ayo and teo,0,0,0,0,0.0,
passionfruit,drake,0,0,0,0,8.0,3291887.0
swalla,jason derulo featuring nicki minaj and ty dolla $ign,0,0,0,0,,
subeme la radio,"enrique iglesias featuring descemer bueno, zion and lennox or sean paul",0,0,0,0,,
god your mama and me,florida georgia line featuring backstreet boys,0,0,0,0,2.0,51857.0
heavy,linkin park featuring kiiara,0,0,0,0,,
learn to let go,kesha,0,0,0,0,6.0,128950.0
signs,drake,0,0,0,0,8.0,1315455.0
numb,linkin park,0,0,0,0,11.0,1595567.0
in the end,linkin park,0,0,0,0,4.0,2756789.0
closer,the chainsmokers featuring halsey,0,0,0,0,,
the fighter,keith urban featuring carrie underwood,0,0,0,0,1.0,60943.0
issues,meek mill,0,0,0,0,6.0,236515.0
wins and losses,meek mill,0,0,0,0,1.0,19438.0
1942 flows,meek mill,0,0,0,0,20.0,583510.0
yours if you want it,rascal flatts,0,0,0,0,1.0,38228.0
imitadora,romeo santos,0,0,0,0,4.0,155068.0
the story of o j,jay-z,0,0,0,0,12.0,2444649.0
we ball,meek mill featuring young thug,0,0,0,0,15.0,310157.0
f k that check up,meek mill featuring lil uzi vert,0,0,0,0,,
heavy heart,meek mill,0,0,0,0,7.0,174784.0
bad and boujee,migos featuring lil uzi vert,0,0,0,0,52.0,9919257.0
ispy,kyle featuring lil yachty,0,0,0,0,,
24k magic,bruno mars,0,0,0,0,16.0,1819836.0
4 44,jay-z,0,0,0,0,17.0,2219119.0
crying in the club,camila cabello,0,0,0,0,7.0,848483.0
a lie,french montana featuring the weeknd and max b,0,0,0,0,,
every time i hear that song,blake shelton,0,0,0,0,0.0,22985.0
jerika,jake paul and erika costell featuring uncle kade,0,0,0,0,,
the cure,lady gaga,0,0,0,0,2.0,482692.0
weak,ajr,0,0,0,0,20.0,510389.0
woman,kesha featuring the dap-kings horns,0,0,0,0,,
rollin,calvin harris featuring future and khalid,0,0,0,0,,
element,kendrick lamar,0,0,0,0,27.0,3247533.0
slide,calvin harris featuring frank ocean and migos,0,0,0,0,,
bam,"jay-z featuring damian ""jr. gong"" marely",0,0,0,0,,
hurricane,luke combs,0,0,0,0,4.0,312794.0
family feud,jay-z featuring beyonce,0,0,0,0,,
kill jay z,jay-z,0,0,0,0,13.0,1111540.0
smile,jay-z featuring gloria carter,0,0,0,0,,
caught their eyes,jay-z featuring frank ocean,0,0,0,0,16.0,502343.0
moonlight,jay-z,0,0,0,0,25.0,435718.0
marcy me,jay-z,0,0,0,0,25.0,534208.0
get low,zedd and liam payne,0,0,0,0,1.0,227433.0
famous,21 savage,0,0,0,0,11.0,236819.0
t-shirt,migos,0,0,0,0,35.0,2848656.0
tunnel vision,kodak black,0,0,0,0,29.0,2572085.0
sign of the times,harry styles,0,0,0,0,11.0,4440119.0
who dat boy,"tyler, the creator",0,0,0,0,25.0,1283098.0
portland,drake featuring quavo and travis scott,0,0,0,0,,
losin control,russ,0,0,0,0,11.0,2955913.0
extra luv,future featuring yg,0,0,0,0,5.0,131344.0
how not to,dan + shay,0,0,0,0,1.0,72264.0
don't quit,dj khaled and calvin harris featuring travis scott and jeremih,0,0,0,0,,
to the max,dj khaled featuring drake,0,0,0,0,12.0,277658.0
if i told you,darius rucker,0,0,0,0,3.0,40596.0
on everything,"dj khaled featuring travis scott, rick ross and big sean",0,0,0,0,,
cold,maroon 5 featuring future,0,0,0,0,,
good drank,2 chainz x gucci mane x quavo,0,0,0,0,,
shining,dj khaled featuring beyonce and jay z,0,0,0,0,,
scars to your beautiful,alessia cara,0,0,0,0,5.0,1371665.0
look at me,xxxtentacion,0,0,0,0,18.0,6355298.0
first day out,kodak black,0,0,0,0,7.0,199805.0
my old man,zac brown band,0,0,0,0,3.0,23503.0
nobody else but you,trey songz,0,0,0,0,8.0,249469.0
real hitta,plies featuring kodak black,0,0,0,0,,
swang,rae sremmurd,0,0,0,0,16.0,1460374.0
bon appetit,katy perry featuring migos,0,0,0,0,,
black,dierks bentley,0,0,0,0,1.0,30676.0
hometown girl,josh turner,0,0,0,0,2.0,14307.0
gyalchester,drake,0,0,0,0,21.0,2034578.0
rockabye,clean bandit featuring sean paul and anne-marie,0,0,0,0,,
peek a boo,lil yachty featuring migos,0,0,0,0,26.0,576389.0
met gala,gucci mane featuring offset,0,0,0,0,30.0,432413.0
scared to be lonely,martin garrix and dua lipa,0,0,0,0,5.0,1883356.0
human,rag'n'bone man,0,0,0,0,14.0,1521997.0
paris,the chainsmokers,0,0,0,0,7.0,1393675.0
somethin tells me,bryson tiller,0,0,0,0,6.0,218238.0
me enamore,shakira,0,0,0,0,3.0,274043.0
self-made,bryson tiller,0,0,0,0,22.0,205400.0
don't get too high,bryson tiller,0,0,0,0,15.0,182471.0
run me dry,bryson tiller,0,0,0,0,1.0,329151.0
there for you,martin garrix x troye sivan,0,0,0,0,,
no longer friends,bryson tiller,0,0,0,0,8.0,230969.0
strangers,halsey featuring lauren jauregui,0,0,0,0,,
deja vu,lauren duski,0,0,0,0,1.0,10204.0
money on you,chris blue,0,0,0,0,1.0,8521.0
chained to the rhythm,katy perry featuring skip marley,0,0,0,0,20.0,1076844.0
at my best,machine gun kelly featuring hailee steinfeld,0,0,0,0,,
the dance,lauren duski,0,0,0,0,,
boy,lee brice,0,0,0,0,2.0,133809.0
either way,chris stapleton,0,0,0,0,7.0,209141.0
any ol' barstool,jason aldean,0,0,0,0,1.0,39475.0
love on the brain,rihanna,0,0,0,0,9.0,2489363.0
both,gucci mane featuring drake,0,0,0,0,,
i feel it coming,the weeknd featuring daft punk,0,0,0,0,9.0,2252018.0
i don't wanna live forever,zayn / taylor swift,0,0,0,0,,
bounce back,big sean,0,0,0,0,40.0,2215343.0
the weekend,brantley gilbert,0,0,0,0,6.0,59698.0
prblms,6lack,0,0,0,0,23.0,2263040.0
yeah boy,kelsea ballerini,0,0,0,0,1.0,22722.0
good life,g-eazy and kehlani,0,0,0,0,6.0,969436.0
cake,flo rida and 99 percent,0,0,0,0,3.0,169133.0
ghost in this house,lauren duski,0,0,0,0,,
everybody,logic,0,0,0,0,18.0,1407709.0
the night we met,lord huron,0,0,0,0,10.0,486067.0
galway girl,ed sheeran,0,0,0,0,13.0,1955718.0
moves,big sean,0,0,0,0,24.0,618199.0
down,marian hill,0,0,0,0,10.0,340915.0
can't stop the feeling,justin timberlake,0,0,0,0,8.0,608518.0
first time,kygo and ellie goulding,0,0,0,0,3.0,313983.0
xxx,kendrick lamar featuring u2,0,0,0,0,,
party,chris brown featuring usher and gucci mane,0,0,0,0,,
yah,kendrick lamar,0,0,0,0,14.0,1411514.0
sweet creature,harry styles,0,0,0,0,6.0,940656.0
selfish,future featuring rihanna,0,0,0,0,8.0,612690.0
call on me,starley,0,0,0,0,2.0,300406.0
you're welcome,dwayne johnson,0,0,0,0,24.0,1787997.0
mercy,shawn mendes,0,0,0,0,9.0,954897.0
lust for life,lana del rey featuring the weeknd,0,0,0,0,12.0,1208311.0
feel,kendrick lamar,0,0,0,0,23.0,1645941.0
pride,kendrick lamar,0,0,0,0,24.0,2549462.0
lust,kendrick lamar,0,0,0,0,19.0,1567920.0
still got time,zayn featuring partynextdoor,0,0,0,0,3.0,331049.0
green light,lorde,0,0,0,0,9.0,1196034.0
how far i'll go,auli'i cravalho,0,0,0,0,18.0,1933706.0
hard times,paramore,0,1,0,0,10.0,630403.0
fear,kendrick lamar,0,0,0,0,62.0,2520580.0
no frauds,"nicki minaj, drake and lil wayne",0,0,0,0,29.0,1891276.0
god,kendrick lamar,0,0,0,0,25.0,1264996.0
deja vu,j. cole,0,0,0,0,11.0,2484215.0
blood,kendrick lamar,0,0,0,0,5.0,1341499.0
dirt on my boots,jon pardi,0,0,0,0,3.0,85774.0
duckworth,kendrick lamar,0,0,0,0,90.0,10902634.0
fast,luke bryan,0,0,0,0,5.0,29800.0
black spiderman,logic featuring damian lemar hudson,0,0,0,0,,
fake love,drake,0,0,0,0,5.0,3818232.0
starboy,the weeknd featuring daft punk,0,0,0,0,,
don't wanna know,maroon 5 featuring kendrick lamar,0,0,0,0,2.0,1096569.0
play that song,train,0,0,0,0,9.0,181711.0
free smoke,drake,0,0,0,0,31.0,1751221.0
road less traveled,lauren alaina,0,0,0,0,2.0,11670.0
the one,the chainsmokers,0,0,0,0,4.0,413177.0
draco,future,0,0,0,0,27.0,544205.0
blem,drake,0,0,0,0,14.0,1354374.0
think a little less,michael ray,0,0,0,0,2.0,17693.0
teenage fever,drake,0,0,0,0,10.0,2040036.0
bar at the end of the world,kenny chesney,0,0,0,0,1.0,5233.0
how far i'll go,alessia cara,0,0,0,0,4.0,1373203.0
million reasons,lady gaga,0,0,0,0,10.0,717490.0
water under the bridge,adele,0,0,0,0,3.0,588020.0
bad things,machine gun kelly x camila cabello,0,0,0,0,,
speak to a girl,tim mcgraw and faith hill,0,0,0,0,2.0,54536.0
tin man,miranda lambert,0,0,0,0,9.0,87170.0
the heart part 4,kendrick lamar,0,0,0,0,45.0,1943887.0
sacrifices,drake featuring 2 chainz and young thug,0,0,0,0,,
conscience,kodak black featuring future,0,0,0,0,13.0,204813.0
heatstroke,"calvin harris featuring young thug, pharrell williams and ariana grande",0,0,0,0,0.0,
get it together,drake featuring jorja smith and black coffee,0,0,0,0,,
no long talk,drake featuring giggs,0,0,0,0,26.0,748975.0
kmt,drake featuring giggs,0,0,0,0,,
4422,drake featuring sampha,0,0,0,0,,
jorja interlude,drake,0,0,0,0,6.0,596958.0
madiba riddim,drake,0,0,0,0,6.0,533681.0
ice melts,drake featuring young thug,0,0,0,0,,
do not disturb,drake,0,0,0,0,35.0,2048774.0
glow,drake featuring kanye west,0,0,0,0,,
everyday,ariana grande featuring future,0,0,0,0,,
can't have everything,drake,0,0,0,0,21.0,667883.0
party monster,the weeknd,0,0,0,0,13.0,1948445.0
nothings into somethings,drake,0,0,0,0,8.0,409570.0
let me love you,dj snake featuring justin bieber,0,0,0,0,6.0,3544468.0
lose you,drake,0,0,0,0,38.0,962628.0
since way back,drake featuring partynextdoor,0,0,0,0,7.0,566979.0
make me,noah cyrus featuring labrinth,0,0,0,0,6.0,272180.0
skepta interlude,drake,0,0,0,0,31.0,358426.0
kill a word,eric church featuring rhiannon giddens,0,0,0,0,4.0,24213.0
trap trap trap,rick ross featuring young thug and wale,0,0,0,0,23.0,129294.0
black beatles,rae sremmurd featuring gucci mane,0,0,0,0,32.0,4981547.0
heathens,twenty one pilots,0,0,0,0,12.0,3112074.0
caroline,amine,1,0,0,0,24.0,4899984.0
regret in your tears,nicki minaj,0,0,0,0,10.0,398706.0
better man,little big town,0,0,0,0,10.0,469365.0
changed it,nicki minaj and lil wayne,0,0,0,0,21.0,263337.0
chanel,frank ocean,0,0,0,0,23.0,2932567.0
liability,lorde,0,0,0,0,8.0,1233915.0
i got you,bebe rexha,0,0,0,0,2.0,179444.0
dive,ed sheeran,0,0,0,0,5.0,1581750.0
sober saturday night,chris young featuring vince gill,0,0,0,0,1.0,10188.0
today,brad paisley,0,0,0,0,0.0,19673.0
selfish,pnb rock,0,0,0,0,9.0,1188221.0
happier,ed sheeran,0,0,0,0,8.0,2152783.0
comin out strong,future featuring the weeknd,0,0,0,0,20.0,1404674.0
chantaje,shakira featuring maluma,0,0,0,0,,
all time low,jon bellion,0,0,0,0,8.0,1085592.0
side to side,ariana grande featuring nicki minaj,0,0,0,0,15.0,3137257.0
new man,ed sheeran,0,0,0,0,18.0,588374.0
supermarket flowers,ed sheeran,0,0,0,0,6.0,2275494.0
what do i know,ed sheeran,0,0,0,0,9.0,409010.0
how would you feel,ed sheeran,0,0,0,0,4.0,550523.0
eraser,ed sheeran,0,0,0,0,18.0,643840.0
used to this,future featuring drake,0,0,0,0,25.0,966094.0
hearts don't break around here,ed sheeran,0,0,0,0,8.0,369957.0
barcelona,ed sheeran,0,0,0,0,11.0,501175.0
star of the show,thomas rhett,0,0,0,0,1.0,11996.0
a guy with a girl,blake shelton,0,0,0,0,2.0,33182.0
treat you better,shawn mendes,0,0,0,0,8.0,1885754.0
cash me outside,dj suede the remix god,0,0,0,0,2.0,54398.0
love,lana del rey,0,0,0,0,12.0,1256435.0
no heart,21 savage and metro boomin,0,0,0,0,,
make love,gucci mane and nicki minaj,0,0,0,0,16.0,712259.0
love me now,john legend,0,0,0,0,3.0,267769.0
not nice,partynextdoor,0,0,0,0,8.0,521570.0
broccoli,d.r.a.m. featuring lil yachty,0,0,0,0,,
this town,niall horan,0,0,0,0,8.0,916198.0
rent money,future,0,0,0,0,24.0,305860.0
guys my age,hey violet,0,0,0,0,3.0,116263.0
seein' red,dustin lynch,0,0,0,0,0.0,18746.0
super trapper,future,0,0,0,0,27.0,109562.0
dancing on my own,calum scott,0,0,0,0,2.0,972984.0
no favors,big sean featuring eminem,0,0,0,0,47.0,1442928.0
zoom,future,0,0,0,0,16.0,136129.0
starving,hailee steinfeld and grey featuring zedd,0,0,0,0,6.0,677832.0
juju on that beat,zay hilfigerrr and zayion mccall,0,0,0,0,0.0,
bom bidi bom,nick jonas and nicki minaj,0,0,0,0,8.0,243227.0
helium,sia,0,0,0,0,5.0,699575.0
heroe favorito,romeo santos,0,0,0,0,1.0,100917.0
way down we go,kaleo,0,0,0,0,8.0,462631.0
everything 1k,kodak black,0,0,0,0,10.0,184747.0
wanna be that song,brett eldredge,0,0,0,0,2.0,18276.0
sex with me,rihanna,0,0,0,0,12.0,1174650.0
some kind of drug,g-eazy featuring marc e. bassy,0,0,0,0,11.0,391178.0
cheap thrills,sia featuring sean paul,0,0,0,0,,
don't let me down,the chainsmokers featuring daya,0,0,0,0,5.0,929525.0
the greatest,sia featuring kendrick lamar,0,0,0,0,,
bad romance,lady gaga,0,0,0,0,12.0,1709265.0
handclap,fitz and the tantrums,0,0,0,0,4.0,406194.0
sacrifices,big sean featuring migos,0,0,0,0,25.0,555663.0
halfway off the balcony,big sean,0,0,0,0,21.0,308327.0
jump out the window,big sean,0,0,0,0,11.0,467452.0
owe me,big sean,0,0,0,0,21.0,269720.0
beauty and the beast,ariana grande and john legend,0,0,0,0,2.0,376297.0
i don't,mariah carey featuring yg,0,0,0,0,1.0,56381.0
80s mercedes,maren morris,0,0,0,0,7.0,124542.0
now and later,sage the gemini,0,0,0,0,16.0,365740.0
otw,dj luke nasty,0,0,0,0,2.0,365285.0
light,big sean featuring jeremih,0,0,0,0,14.0,213601.0
kelly price,migos featuring travis scott,0,0,0,0,,
blue ain't your color,keith urban,0,0,0,0,5.0,303937.0
x,21 savage and metro boomin featuring future,0,0,0,0,,
call casting,migos,0,0,0,0,34.0,497331.0
run up,major lazer featuring partynextdoor and nicki minaj,0,0,0,0,,
i'm better,missy elliott featuring lamb,0,0,0,0,9.0,115104.0
get right witcha,migos,0,0,0,0,29.0,751848.0
if the boot fits,granger smith,0,0,0,0,0.0,
dirty laundry,carrie underwood,0,0,0,0,2.0,34133.0
fresh eyes,andy grammer,0,0,0,0,2.0,340769.0
culture,migos featuring dj khaled,0,0,0,0,,
chill bill,rob $tone featuring j. davi$ and spooks,0,0,0,0,,
cold water,major lazer featuring justin bieber and mo,0,0,0,0,,
love on the weekend,john mayer,0,0,0,0,6.0,103140.0
sneakin',drake featuring 21 savage,0,0,0,0,,
song for another time,old dominion,0,0,0,0,25.0,27901.0
say it,flume featuring tove lo,0,0,0,0,,
water,ugly god,0,0,0,0,23.0,1052901.0
running back,wale featuring lil wayne,0,0,0,0,16.0,162277.0
you was right,lil uzi vert,0,0,0,0,8.0,1249427.0
in the name of love,martin garrix and bebe rexha,0,0,0,0,,
not afraid anymore,halsey,0,0,0,0,4.0,126983.0
red opps,21 savage,0,0,0,0,4.0,730427.0
neighbors,j. cole,0,0,0,0,17.0,1665466.0
timeless,a boogie wit da hoodie featuring dj spinking,0,0,0,0,19.0,956655.0
parachute,chris stapleton,0,0,0,0,8.0,96721.0
all we know,the chainsmokers featuring phoebe ryan,0,0,0,0,9.0,766182.0
just hold on,steve aoki and louis tomlinson,0,0,0,0,,
beibs in the trap,travis scott,0,0,0,0,22.0,2212445.0
my sh t,a boogie wit da hoodie,0,0,0,0,0.0,
ooouuu,young m.a,0,0,0,0,28.0,3953524.0
i hate u i love u,gnash featuring olivia o'brien,0,0,0,0,,
may we all,florida georgia line featuring tim mcgraw,0,0,0,0,8.0,69114.0
sleep without you,brett young,0,0,0,0,1.0,16519.0
drinkin' too much,sam hunt,0,0,0,0,7.0,78248.0
immortal,j. cole,0,0,0,0,20.0,1281082.0
what they want,russ,0,0,0,0,21.0,1200494.0
unsteady,x ambassadors,0,0,0,0,6.0,430786.0
too much sauce,dj esco featuring future and lil uzi vert,0,0,0,0,,
how i'll always be,tim mcgraw,0,0,0,0,1.0,7093.0
hallelujah,pentatonix,0,0,0,0,6.0,340230.0
shaky shaky,daddy yankee,0,0,0,0,0.0,67948.0
key to the streets,yfn lucci featuring migos and trouble,0,0,0,0,28.0,349161.0
we know the way,opetaia foa'i and lin-manuel miranda,0,0,0,0,3.0,32460.0
careless whisper,wham! featuring george michael,0,0,0,0,0.0,
faith,george michael,0,0,0,0,6.0,352848.0
pick up the phone,young thug and travis scott featuring quavo,0,0,0,0,,
no flockin,kodak black,0,0,0,0,25.0,2116819.0
black barbies,nicki minaj x mike will made-it,0,0,0,0,,
hate u love u,olivia o'brien,0,0,0,0,4.0,333465.0
mary did you know,pentatonix,0,0,0,0,0.0,275495.0
do you mind,"dj khaled featuring nicki minaj, chris brown, august alsina, jeremih, future and rick ross",0,0,0,0,,
1 night,lil yachty,0,0,0,0,14.0,622075.0
change,j. cole,0,0,0,0,23.0,1303271.0
she's mine pt 1,j. cole,0,0,0,0,9.0,1042791.0
ville mentality,j. cole,0,0,0,0,9.0,581942.0
for whom the bell tolls,j. cole,0,0,0,0,5.0,647931.0
six feet under,the weeknd,0,0,0,0,8.0,1097955.0
sidewalks,the weeknd featuring kendrick lamar,0,0,0,0,,
foldin clothes,j. cole,0,0,0,0,8.0,582107.0
4 your eyez only,j. cole,0,0,0,0,38.0,1857228.0
she's mine pt 2,j. cole,0,0,0,0,10.0,741675.0
false prophets,j. cole,0,0,0,0,19.0,1123752.0
everybody dies,j. cole,0,0,0,0,20.0,889150.0
come and see me,partynextdoor featuring drake,0,0,0,0,14.0,2602252.0
darlin' don't go,sundance head,0,0,0,0,,
deja vu,post malone featuring justin bieber,0,0,0,0,11.0,967167.0
at last,sundance head,0,0,0,0,,
setting the world on fire,kenny chesney featuring p!nk,0,0,0,0,2.0,36510.0
die for you,the weeknd,0,0,0,0,12.0,5146806.0
this is what you came for,calvin harris featuring rihanna,0,0,0,0,,
ride,twenty one pilots,0,0,0,0,14.0,1510227.0
needed me,rihanna,0,0,0,0,12.0,2312134.0
one dance,drake featuring wizkid and kyla,0,0,0,0,,
tiimmy turner,desiigner,0,0,0,0,15.0,2588112.0
secrets,the weeknd,0,0,0,0,6.0,759124.0
me and your mama,childish gambino,0,0,0,0,10.0,902301.0
home,gnash featuring johnny yukon,0,0,0,0,,
true colors,the weeknd,0,0,0,0,2.0,895087.0
middle of a memory,cole swindell,0,0,0,0,1.0,16180.0
rockin',the weeknd,0,0,0,0,6.0,445551.0
all i know,the weeknd featuring future,0,0,0,0,12.0,681436.0
that's my girl,fifth harmony,0,0,0,0,6.0,244673.0
false alarm,the weeknd,0,0,0,0,10.0,891084.0
attention,the weeknd,0,0,0,0,7.0,471952.0
ordinary life,the weeknd,0,0,0,0,8.0,663708.0
stargirl interlude,the weeknd featuring lana del rey,0,0,0,0,5.0,878392.0
nothing without you,the weeknd,0,0,0,0,7.0,528739.0
a lonely night,the weeknd,0,0,0,0,4.0,390280.0
love to lay,the weeknd,0,0,0,0,5.0,349408.0
distraction,kehlani,0,0,0,0,9.0,362719.0
a little more summertime,jason aldean,0,0,0,0,1.0,12730.0
look alive,rae sremmurd,0,0,0,0,13.0,312325.0
fade,kanye west,0,0,0,0,11.0,1267072.0
capsize,frenship and emily warren,0,0,0,0,16.0,631645.0
gold,kiiara,0,0,0,0,12.0,1312213.0
sucker for pain,"lil wayne, wiz khalifa and imagine dragons with logic and ty dolla $ign feat. x ambassadors",0,0,0,0,,
panda,desiigner,0,0,0,0,41.0,6155977.0
luv,tory lanez,0,0,0,0,10.0,1146684.0
my way,calvin harris,0,0,0,0,5.0,192977.0
ain't my fault,zara larsson,0,0,0,0,4.0,471777.0
move,luke bryan,0,0,0,0,1.0,11235.0
slumber party,britney spears featuring tinashe,0,0,0,0,3.0,12504.0
vice,miranda lambert,0,0,0,0,7.0,112990.0
litty,meek mill featuring tory lanez,0,0,0,0,,
ppap,pikotaro,0,0,0,0,,
greenlight,pitbull featuring flo rida and lunchmoney lewis,0,0,0,0,,
infinite,eminem,0,0,0,0,23.0,883375.0
send my love,adele,0,0,0,0,8.0,789122.0
no problem,chance the rapper featuring lil wayne and 2 chainz,0,0,0,0,,
too good,drake featuring rihanna,0,0,0,0,,
we don't talk anymore,charlie puth featuring selena gomez,0,0,0,0,3.0,1844709.0
hallelujah,leonard cohen,0,0,0,0,33.0,5513439.0
we the people,a tribe called quest,0,0,0,0,27.0,572871.0
setting fires,the chainsmokers featuring xylo,0,0,0,0,6.0,78932.0
it don't hurt like it used to,billy currington,0,0,0,0,1.0,26647.0
shout out to my ex,little mix,0,0,0,0,5.0,819533.0
wishing,"dj drama featuring chris brown, skeme and lyquin",0,0,0,0,,
sit still look pretty,daya,0,0,0,0,24.0,402662.0
money longer,lil uzi vert,0,0,0,0,11.0,1174950.0
no limit,usher featuring young thug,0,0,0,0,,
i know somebody,locash,0,0,0,0,0.0,10498.0
all eyez,the game featuring jeremih,0,0,0,0,21.0,314941.0
wat u mean,dae dae,0,0,0,0,10.0,25943.0
hold up,beyonce,1,0,0,0,16.0,1971273.0
gangsta,kehlani,0,0,0,0,5.0,848449.0
hymn for the weekend,coldplay,0,0,0,0,9.0,1086086.0
froze,meek mill featuring lil uzi vert and nicki minaj,0,0,0,0,,
offended,meek mill featuring young thug and 21 savage,0,0,0,0,,
two birds one stone,drake,0,0,0,0,29.0,1074725.0
on the regular,meek mill,0,0,0,0,9.0,130059.0
the difference,meek mill featuring quavo,0,0,0,0,11.0,117620.0
blue notes,meek mill,0,0,0,0,9.0,449835.0
blessed up,meek mill,0,0,0,0,12.0,91266.0
cool girl,tove lo,0,0,0,0,11.0,177474.0
into you,ariana grande,0,0,0,0,9.0,1054212.0
controlla,drake,0,0,0,0,13.0,2063182.0
a-yo,lady gaga,0,0,0,0,11.0,159557.0
perfect illusion,lady gaga,0,0,0,0,10.0,319063.0
this girl,kungs vs cookin' on 3 burners,0,0,0,0,0.0,
why you always hatin,yg featuring drake and kamaiyah,0,0,0,0,,
crzy,kehlani,0,0,0,0,6.0,385715.0
lockjaw,french montana featuring kodak black,0,0,0,0,20.0,783928.0
you and me,marc e. bassy featuring g-eazy,0,0,0,0,13.0,488477.0
for free,dj khaled featuring drake,0,0,0,0,,
work from home,fifth harmony featuring ty dolla $ign,0,0,0,0,14.0,816652.0
blow your mind,dua lipa,0,0,0,0,8.0,826604.0
different for girls,dierks bentley featuring elle king,0,0,0,0,2.0,22921.0
that part,schoolboy q featuring kanye west,0,0,0,0,39.0,968499.0
all in my head,fifth harmony featuring fetty wap,0,0,0,0,6.0,242641.0
rock on,tucker beathard,0,0,0,0,1.0,24310.0
i met a girl,william michael morgan,0,0,0,0,0.0,6471.0
i got the keys,dj khaled featuring jay z and future,0,0,0,0,,
just like fire,p!nk,0,0,0,0,4.0,198354.0
father stretch my hands pt 1,kanye west,0,0,0,0,14.0,5260820.0
you don't own me,grace featuring g-eazy,0,0,0,0,10.0,1395466.0
peter pan,kelsea ballerini,0,0,0,0,4.0,42947.0
kids,onerepublic,0,0,0,0,7.0,297042.0
forever country,"artists of then, now and forever",0,0,0,0,7.0,58608.0
cranes in the sky,solange,0,0,0,0,9.0,1179193.0
low life,future featuring the weeknd,0,0,0,0,,
make you miss me,sam hunt,0,0,0,0,4.0,66231.0
don't touch my hair,solange featuring sampha,0,0,0,0,8.0,411637.0
lifted,cl,0,0,0,0,15.0,185245.0
work,rihanna featuring drake,0,0,0,0,,
i took a pill in ibiza,mike posner,0,0,0,0,21.0,2303191.0
never be like you,flume featuring kai,0,0,0,0,,
h o l y,florida georgia line,0,0,0,0,,
mama said,lukas graham,0,0,0,0,8.0,202148.0
me too,meghan trainor,0,0,0,0,10.0,197459.0
purple lamborghini,skrillex and rick ross,0,0,0,0,29.0,713200.0
with you tonight hasta el amanecer,nicky jam,0,0,0,0,0.0,77618.0
you look like i need a drink,justin moore,0,0,0,0,5.0,9074.0
no shopping,french montana featuring drake,0,0,0,0,,
7 years,lukas graham,0,0,0,0,23.0,4876614.0
cancer,twenty one pilots,0,0,0,0,16.0,361563.0
my pyt,wale,0,0,0,0,11.0,216463.0
grass ain't greener,chris brown,0,0,0,0,6.0,613457.0
stressed out,twenty one pilots,0,0,0,0,12.0,3091145.0
don't mind,kent jones,0,0,0,0,17.0,1329235.0
rise,katy perry,0,0,0,0,8.0,328202.0
make me,britney spears featuring g-eazy,0,0,0,0,9.0,170989.0
she's got a way with words,blake shelton,0,0,0,0,4.0,56039.0
childs play,drake,0,0,0,0,19.0,2916840.0
american country love song,jake owen,0,0,0,0,1.0,8066.0
sorry,beyonce,1,0,0,0,20.0,1807432.0
from the ground up,dan + shay,0,0,0,0,7.0,73890.0
kill em with kindness,selena gomez,0,0,0,0,4.0,248712.0
famous,kanye west,0,0,0,0,19.0,2784408.0
cake by the ocean,dnce,0,0,0,0,9.0,2030018.0
wicked,future,0,0,0,0,29.0,522233.0
wyclef jean,young thug,0,0,0,0,28.0,665909.0
record year,eric church,0,0,0,0,18.0,60901.0
duele el corazon,enrique iglesias feat. wisin or tinashe and javada,0,0,0,0,,
church bells,carrie underwood,0,0,0,0,10.0,107981.0
love yourself,justin bieber,0,0,0,0,10.0,6974366.0
nikes,frank ocean,0,0,0,0,31.0,2639073.0
ivy,frank ocean,0,0,0,0,11.0,3098036.0
pink white,frank ocean,0,0,0,0,15.0,2404385.0
solo,frank ocean,0,0,0,0,16.0,1615506.0
nights,frank ocean,0,0,0,0,35.0,3764440.0
uber everywhere,madeintyo,0,0,0,0,24.0,1739271.0
hit or miss,jacob sartorius,0,0,0,0,6.0,666944.0
fix,chris lane,0,0,0,0,5.0,12791.0
toothbrush,dnce,0,0,0,0,4.0,231824.0
pop style,drake featuring the throne,0,0,0,0,,
lights come on,jason aldean,0,0,0,0,2.0,12156.0
castaway,zac brown band,0,0,0,0,1.0,13273.0
no money,galantis,0,0,0,0,4.0,126075.0
wasted time,keith urban,0,0,0,0,11.0,15115.0
let it go,james bay,0,0,0,0,11.0,1009241.0
sorry,justin bieber,0,0,0,0,13.0,3737291.0
head over boots,jon pardi,0,0,0,0,5.0,70170.0
bohemian rhapsody,panic! at the disco,0,0,0,0,2.0,86537.0
all the way up,"fat joe, remy ma and jay z featuring french montana and infared",0,0,0,0,,
close,nick jonas featuring tove lo,0,0,0,0,7.0,214397.0
wake up,fetty wap,0,0,0,0,12.0,185305.0
huntin' fishin' and lovin' every day,luke bryan,0,0,0,0,2.0,36994.0
my house,flo rida,0,0,0,0,10.0,319760.0
dangerous woman,ariana grande,0,0,0,0,13.0,1271886.0
lush life,zara larsson,0,0,0,0,10.0,364875.0
holy key,"dj khaled featuring big sean, kendrick lamar and betty wright",0,0,0,0,,
brand new,ben rector,0,0,0,0,3.0,49153.0
wherever i go,onerepublic,0,0,0,0,4.0,103435.0
back on road,gucci mane and drake,0,0,0,0,12.0,163397.0
p print,gucci mane featuring kanye west,0,0,0,0,,
light it up,major lazer featuring nyla and fuse odg,0,0,0,0,,
lost boy,ruth b,0,0,0,0,11.0,993444.0
never forget you,zara larsson and mnek,0,0,0,0,,
girls talk boys,5 seconds of summer,0,1,0,0,1.0,117385.0
body say,demi lovato,0,0,0,0,8.0,146267.0
no,meghan trainor,0,0,0,0,9.0,1644165.0
m i l f,fergie,0,0,0,0,,
night's on fire,david nail,0,0,0,0,0.0,
ophelia,the lumineers,0,0,0,0,9.0,676059.0
body,dreezy featuring jeremih,0,0,0,0,,
pillowtalk,zayn,0,0,0,0,8.0,1603945.0
me myself and i,g-eazy x bebe rexha,0,0,0,0,,
t-shirt,thomas rhett,0,0,0,0,2.0,49156.0
love make the world go round,jennifer lopez and lin-manuel miranda,0,0,0,0,11.0,10659.0
noise,kenny chesney,0,0,0,0,2.0,6212.0
came here to forget,blake shelton,0,0,0,0,3.0,23320.0
bored to death,blink-182,0,0,0,0,8.0,122606.0
la bicicleta,carlos vives and shakira,0,0,0,0,6.0,212350.0
cut it,o.t. genasis featuring young dolph,0,0,0,0,17.0,541214.0
oui,jeremih,0,0,0,0,10.0,1277023.0
wild things,alessia cara,0,0,0,0,8.0,349191.0
the sound of silence,disturbed,0,0,0,0,3.0,570192.0
messin' around,pitbull featuring enrique iglesias,0,0,0,0,2.0,20150.0
still here,drake,0,0,0,0,20.0,837006.0
hype,drake,0,0,0,0,33.0,947662.0
flexicution,logic,0,0,0,0,20.0,620503.0
really really,kevin gates,0,0,0,0,20.0,658361.0
think of you,chris young duet with cassadee pope,0,0,0,0,,
grammys,drake featuring future,0,0,0,0,,
try everything,shakira,0,0,0,0,8.0,315201.0
champions,"kanye west, gucci mane, big sean, 2 chainz, travi$ scott, yo gotti, quavo, desiigner",1,0,0,0,13.0,
dark necessities,red hot chili peppers,0,0,0,0,12.0,500700.0
2 phones,kevin gates,0,0,0,0,18.0,1236507.0
humble and kind,tim mcgraw,0,0,0,0,13.0,554261.0
what the world needs now is love,broadway for orlando,0,0,0,0,,
ain't no stopping us now,kane brown,0,0,0,0,1.0,5010.0
kiss it better,rihanna,0,0,0,0,5.0,1538995.0
exchange,bryson tiller,0,0,0,0,18.0,2761507.0
somewhere on a beach,dierks bentley,0,0,0,0,1.0,24688.0
sweatshirt,jacob sartorius,0,0,0,0,2.0,268921.0
with you,drake featuring partynextdoor,0,0,0,0,,
might not,belly featuring the weeknd,0,0,0,0,,
faded,alan walker,0,0,0,0,13.0,3117807.0
middle,dj snake featuring bipolar sunshine,0,0,0,0,0.0,
my church,maren morris,0,0,0,0,14.0,436049.0
snapback,old dominion,0,0,0,0,0.0,45009.0
nothing is promised,mike will made-it x rihanna,0,0,0,0,,
mind reader,dustin lynch,0,0,0,0,0.0,6096.0
formation,beyonce,1,0,0,0,31.0,6298450.0
feel no ways,drake,0,0,0,0,14.0,1767012.0
law,yo gotti featuring e-40,0,0,0,0,13.0,185083.0
piece by piece,kelly clarkson,0,0,0,0,10.0,273076.0
moolah,young greatness,0,0,0,0,14.0,147920.0
youth,troye sivan,0,0,0,0,11.0,611330.0
my boo,ghost town dj's,0,0,0,0,6.0,289884.0
if it ain't love,jason derulo,0,0,0,0,4.0,38773.0
9,drake,0,0,0,0,26.0,1463601.0
one call away,charlie puth,0,0,0,0,3.0,986432.0
lonesome broken and blue,adam wakefield,0,0,0,0,,
u with me,drake,0,0,0,0,26.0,2025032.0
fire and desire,drake,0,0,0,0,,
every breath you take,hannah huston,0,0,0,0,,
redemption,drake,0,0,0,0,21.0,1378208.0
down that road,alisan porter,0,0,0,0,1.0,
stitches,shawn mendes,0,0,0,0,16.0,1616586.0
roses,the chainsmokers featuring rozes,0,0,0,0,,
don't,bryson tiller,0,0,0,0,18.0,5060241.0
weston road flows,drake,0,0,0,0,34.0,1143814.0
keep the family close,drake,0,0,0,0,15.0,1404677.0
faithful,drake featuring pimp c and dvsn,0,0,0,0,,
blessings,chance the rapper featuring ty dolla $ign,0,0,0,0,20.0,801244.0
i'm sorry,adam wakefield,0,0,0,0,,
promise,kid ink featuring fetty wap,0,0,0,0,13.0,510811.0
go ahead and break my heart,blake shelton featuring gwen stefani,0,0,0,0,0.0,19188.0
ain't your mama,jennifer lopez,0,0,0,0,10.0,150163.0
6 inch,beyonce featuring the weeknd,0,0,0,0,,
i like the sound of that,rascal flatts,0,0,0,0,1.0,12747.0
confession,florida georgia line,0,0,0,0,1.0,19172.0
team,iggy azalea,0,0,0,0,16.0,179411.0
don't hurt yourself,beyonce featuring jack white,1,0,0,0,17.0,1054695.0
all night,beyonce,1,0,0,0,13.0,1369943.0
freedom,beyonce featuring kendrick lamar,0,0,0,0,,
daddy lessons,beyonce,1,0,0,0,13.0,652693.0
pray you catch me,beyonce,1,0,0,0,6.0,1359007.0
sandcastles,beyonce,1,0,0,0,4.0,891762.0
love drought,beyonce,1,0,0,0,11.0,840822.0
true colors,zedd and kesha,0,0,0,0,5.0,22180.0
views,drake,0,0,0,0,39.0,1294815.0
summer sixteen,drake,0,0,0,0,36.0,2406232.0
purple rain,prince and the revolution,0,0,0,0,10.0,1660673.0
when doves cry,prince,0,0,0,0,0.0,
little red corvette,prince,0,0,0,0,16.0,378516.0
kiss,prince and the revolution,0,0,0,0,15.0,325960.0
let's go crazy,prince and the revolution,0,0,0,0,19.0,748694.0
1999,prince,0,0,0,0,16.0,346199.0
raspberry beret,prince and the revolution,0,0,0,0,17.0,211465.0
i would die 4 u,prince and the revolution,0,0,0,0,11.0,209447.0
jumpman,drake and future,0,0,0,0,,
forward,beyonce featuring james blake,0,0,0,0,,
back to sleep,chris brown,0,0,0,0,3.0,423046.0
you should be here,cole swindell,0,0,0,0,2.0,41117.0
new level,a$ap ferg featuring future,0,0,0,0,,
company,justin bieber,0,0,0,0,5.0,472067.0
acquainted,the weeknd,0,0,0,0,8.0,1281399.0
that don't sound like you,lee brice,0,0,0,0,3.0,12663.0
hands to myself,selena gomez,0,0,0,0,12.0,515229.0
hello,adele,0,0,0,0,15.0,5727176.0
down in the dm,yo gotti featuring nicki minaj,0,0,0,0,36.0,1121222.0
the hills,the weeknd,0,0,0,0,12.0,10843369.0
new romantics,taylor swift,0,0,0,0,19.0,540851.0
drunk on your love,brett eldredge,0,0,0,0,1.0,21586.0
saved,ty dolla $ign featuring e-40,0,0,0,0,14.0,244883.0
little bit of you,chase bryant,0,0,0,0,1.0,
might be,dj luke nasty,0,0,0,0,19.0,341405.0
pt 2,kanye west,0,0,0,0,25.0,2016600.0
jimmy choo,fetty wap,0,0,0,0,11.0,1025811.0
let me love you,ariana grande featuring lil wayne,0,0,0,0,13.0,1294055.0
fast car,jonas blue featuring dakota,0,0,0,0,,
die a happy man,thomas rhett,0,0,0,0,6.0,204700.0
nobody to blame,chris stapleton,0,0,0,0,7.0,54470.0
waves,kanye west,0,0,0,0,12.0,1961679.0
sugar,robin schulz featuring francesco yates,0,0,0,0,,
ultralight beam,kanye west,0,0,0,0,40.0,4743326.0
victorious,panic! at the disco,0,0,0,0,14.0,438644.0
hotline bling,drake,0,0,0,0,10.0,7255695.0
when we were young,adele,0,0,0,0,11.0,1738980.0
best friend,young thug,0,0,0,0,22.0,1880381.0
fml,kanye west,0,0,0,0,19.0,1968027.0
tennessee whiskey,chris stapleton,0,0,0,0,8.0,797397.0
real friends,kanye west,0,0,0,0,24.0,2317447.0
beautiful drug,zac brown band,0,0,0,0,5.0,22149.0
heartbeat,carrie underwood,0,0,0,0,2.0,26029.0
feedback,kanye west,0,0,0,0,20.0,789716.0
679,fetty wap featuring remy boyz,0,0,0,0,,
what do you mean,justin bieber,0,0,0,0,7.0,1983866.0
say it,tory lanez,0,0,0,0,9.0,1347851.0
like i'm gonna lose you,meghan trainor featuring john legend,0,0,0,0,7.0,1014521.0
white iverson,post malone,0,0,0,0,42.0,4333259.0
like i would,zayn,0,0,0,0,4.0,159485.0
stand by you,rachel platten,0,0,0,0,10.0,99209.0
i know what you did last summer,shawn mendes and camila cabello,0,0,0,0,6.0,573602.0
with them,young thug,0,0,0,0,33.0,611327.0
home alone tonight,luke bryan featuring karen fairchild,0,0,0,0,1.0,29524.0
digits,young thug,0,0,0,0,24.0,762108.0
something in the way you move,ellie goulding,0,0,0,0,6.0,57811.0
make me like you,gwen stefani,0,0,0,0,6.0,159630.0
be alright,ariana grande,0,0,0,0,5.0,559026.0
hide away,daya,0,0,0,0,11.0,513997.0
here,alessia cara,0,0,0,0,11.0,1886362.0
same old love,selena gomez,0,0,0,0,6.0,423099.0
ex's and oh's,elle king,0,0,0,0,11.0,552279.0
in the night,the weeknd,0,0,0,0,9.0,1358018.0
adventure of a lifetime,coldplay,0,0,0,0,11.0,619046.0
backroad song,granger smith,0,0,0,0,5.0,8063.0
something new,zendaya featuring chris brown,0,0,0,0,7.0,51434.0
sorry not sorry,bryson tiller,0,0,0,0,15.0,1193367.0
can't feel my face,the weeknd,0,0,0,0,8.0,4727304.0
we went,randy houser,0,0,0,0,3.0,5777.0
break on me,keith urban,0,0,0,0,13.0,23295.0
untitled 02 l 06 23 2014,kendrick lamar,0,0,0,0,,
untitled 07 l levitate,kendrick lamar,0,0,0,0,0.0,
watch out,2 chainz,0,0,0,0,23.0,465046.0
get ugly,jason derulo,0,0,0,0,20.0,122207.0
gotta lotta,2 chainz featuring lil wayne,0,0,0,0,24.0,79215.0
antidote,travis scott,0,0,0,0,16.0,2370735.0
lean on,major lazer and dj snake featuring mo,0,0,0,0,,
see you again,wiz khalifa featuring charlie puth,0,0,0,0,,
it's you,zayn,0,0,0,0,5.0,351630.0
hello friday,flo rida featuring jason derulo,0,0,0,0,3.0,17404.0
perfect,one direction,0,0,0,0,6.0,1434914.0
ave dat money,lil dicky featuring fetty wap and rich homie quan,0,0,0,0,,
til it happens to you,lady gaga,0,0,0,0,6.0,80286.0
walking on a dream,empire of the sun,0,0,0,0,7.0,358756.0
history,one direction,0,0,0,0,9.0,670541.0
dibs,kelsea ballerini,0,0,0,0,1.0,26486.0
out of the woods,taylor swift,0,0,0,0,14.0,716576.0
hollow,tori kelly,0,0,0,0,8.0,100117.0
look at my dab,migos,0,0,0,0,20.0,236999.0
i love this life,locash,0,0,0,0,1.0,11233.0
uptown funk,mark ronson featuring bruno mars,0,0,0,0,,
break up in a small town,sam hunt,0,0,0,0,6.0,112694.0
on my mind,ellie goulding,0,0,0,0,13.0,353903.0
confident,demi lovato,0,0,0,0,10.0,188177.0
stay a little longer,brothers osborne,0,0,0,0,3.0,49173.0
all i ask,adele,0,0,0,0,9.0,1255913.0
good to be alive,andy grammer,0,0,0,0,5.0,34914.0
bang my head,david guetta featuring sia and fetty wap,0,0,0,0,,
irresistible,fall out boy,0,0,0,0,15.0,218861.0
do it like me,dlow,0,0,0,0,3.0,49577.0
dessert,dawin,0,0,0,0,6.0,213181.0
watch me,silento,0,0,0,0,0.0,
fly s t only,future,0,0,0,0,,
bake sale,wiz khalifa featuring travi$ scott,0,0,0,0,34.0,314213.0
die a happy man,nelly,0,0,0,0,8.0,11452.0
wtf,missy elliott featuring pharrell williams,0,0,0,0,,
whisper,chase rice,0,0,0,0,0.0,
the fix,nelly featuring jeremih,0,0,0,0,,
no role modelz,j. cole,0,0,0,0,34.0,6551286.0
again,fetty wap,0,0,0,0,10.0,1441425.0
big rings,drake and future,0,0,0,0,13.0,1094235.0
country nation,brad paisley,0,0,0,0,38.0,8994.0
back up,dej loaf featuring big sean,0,0,0,0,24.0,868214.0
jam,"kevin gates featuring trey songz, ty dolla $ign and jamie foxx",0,0,0,0,,
alive,sia,0,0,0,0,10.0,283069.0
play no games,big sean featuring chris brown and ty dolla $ign,0,0,0,0,,
i got the boy,jana kramer,0,0,0,0,15.0,29946.0
mr misunderstood,eric church,0,0,0,0,17.0,65025.0
focus,ariana grande,0,0,0,0,8.0,609221.0
gonna know we were here,jason aldean,0,0,0,0,1.0,6061.0
emperor's new clothes,panic! at the disco,0,0,0,0,20.0,710760.0
bottom of the bottle,curren$y featuring august alsina and lil wayne,0,0,0,0,8.0,134348.0
locked away,r. city featuring adam levine,0,0,0,0,16.0,698562.0
i'll show you,justin bieber,0,0,0,0,6.0,559120.0
new americana,halsey,0,0,0,0,13.0,651263.0
death of a bachelor,panic! at the disco,0,0,0,0,8.0,799994.0
lay it all on me,rudimental featuring ed sheeran,0,0,0,0,,
right hand,drake,0,0,0,0,9.0,1499380.0
come get her,rae sremmurd,0,0,0,0,12.0,676204.0
lean and dabb,ilovememphis,0,0,0,0,10.0,208682.0
ginza,j balvin,0,0,0,0,1.0,138876.0
trap queen,fetty wap,0,0,0,0,22.0,7660703.0
lazarus,david bowie,0,0,0,0,12.0,549342.0
space oddity,david bowie,0,0,0,0,25.0,1665857.0
under pressure,queen and david bowie,0,0,0,0,0.0,44378.0
blackstar,david bowie,0,0,0,0,,
used to love you,gwen stefani,0,0,0,0,8.0,129941.0
gonna,blake shelton,0,0,0,0,4.0,
rgf island,fetty wap,0,0,0,0,4.0,639863.0
blase,ty dolla $ign featuring future and rae sremmurd,0,0,0,0,,
where ya at,future featuring drake,0,0,0,0,,
where are u now,skrillex and diplo with justin bieber,0,0,0,0,,
downtown,"macklemore and ryan lewis featuring eric nally, melle mel, kool moe dee and grandmaster caz",0,0,0,0,,
top of the world,tim mcgraw,0,0,0,0,2.0,33663.0
smoke break,carrie underwood,0,0,0,0,2.0,44156.0
hit the quan,ilovememphis,0,0,0,0,12.0,1432621.0
burning house,cam,0,0,0,0,6.0,880913.0
purpose,justin bieber,0,0,0,0,10.0,522247.0
liquor,chris brown,0,0,0,0,2.0,309571.0
stick talk,future,0,0,0,0,19.0,853779.0
the feeling,justin bieber featuring halsey,0,0,0,0,8.0,364102.0
zero,chris brown,0,0,0,0,3.0,477763.0
jugg,fetty wap featuring monty,0,0,0,0,9.0,333838.0
hallelujah,lindsey stirling,0,0,0,0,1.0,
little more,chris brown,0,0,0,0,3.0,158799.0
mary did you know,jordan smith,0,0,0,0,0.0,
good for you,selena gomez featuring a$ap rocky,0,0,0,0,19.0,829207.0
cheerleader,omi,0,0,0,0,10.0,655688.0
drag me down,one direction,0,0,0,0,3.0,977159.0
burning house,emily ann roberts,0,0,0,0,0.0,
climb every mountain,jordan smith,0,0,0,0,1.0,
back to back,drake,0,0,0,0,23.0,5267799.0
nothin' like you,dan + shay,0,0,0,0,2.0,26862.0
strip it down,luke bryan,0,0,0,0,20.0,68339.0
god only knows,jordan smith and adam levine,0,0,0,0,,
somebody to love,jordan smith,0,0,0,0,0.0,
renegades,x ambassadors,0,0,0,0,5.0,261457.0
mark my words,justin bieber,0,0,0,0,3.0,519719.0
already callin' you mine,parmalee,0,0,0,0,1.0,
random,g-eazy,0,0,0,0,26.0,425770.0
no pressure,justin bieber featuring big sean,0,0,0,0,16.0,361457.0
sorry,rick ross featuring chris brown,0,0,0,0,,
drifting,g-eazy featuring chris brown and tory lanez,0,0,0,0,,
my way,fetty wap featuring monty,0,0,0,0,15.0,2302324.0
i'm comin' over,chris young,0,0,0,0,16.0,122526.0
photograph,ed sheeran,0,0,0,0,15.0,3945690.0
how deep is your love,calvin harris and disciples,0,0,0,0,,
hallelujah,jordan smith,0,0,0,0,1.0,
no sense,justin bieber featuring travi$ scott,0,0,0,0,10.0,375878.0
i'd just love to lay you down,barrett baber,0,0,0,0,,
daddy,psy featuring cl,0,0,0,0,,
girls just want to have fun,madi davis,0,0,0,0,,
let me see ya girl,cole swindell,0,0,0,0,1.0,6034.0
remedy,adele,0,0,0,0,4.0,231804.0
life is worth living,justin bieber,0,0,0,0,14.0,230822.0
love myself,hailee steinfeld,0,0,0,0,7.0,340276.0
rich ex,future,0,0,0,0,,
great is thy faithfulness,jordan smith,0,0,0,0,1.0,
break up with him,old dominion,0,0,0,0,4.0,30682.0
children,justin bieber,0,0,0,0,5.0,102455.0
been you,justin bieber,0,0,0,0,4.0,151414.0
if i could fly,one direction,0,0,0,0,9.0,637186.0
olivia,one direction,0,0,0,0,8.0,411962.0
we are,justin bieber featuring nas,0,0,0,0,13.0,151597.0
get used to it,justin bieber,0,0,0,0,11.0,120950.0
a m,one direction,0,0,0,0,6.0,353133.0
temporary fix,one direction,0,0,0,0,1.0,281327.0
trust,justin bieber,0,0,0,0,5.0,114199.0
never enough,one direction,0,0,0,0,2.0,178692.0
shut up and dance,walk the moon,0,0,0,0,11.0,1036016.0
thinking out loud,ed sheeran,0,0,0,0,14.0,2325423.0
fight song,rachel platten,0,0,0,0,8.0,841864.0
writing's on the wall,sam smith,0,0,0,0,6.0,858614.0
anything goes,florida georgia line,0,0,0,0,3.0,31106.0
cool for the summer,demi lovato,0,0,0,0,10.0,249243.0
comfortable,k camp,0,0,0,0,7.0,454077.0
save it for a rainy day,kenny chesney,0,0,0,0,1.0,18210.0
diamonds dancing,drake and future,0,0,0,0,,
traveller,chris stapleton,0,0,0,0,9.0,65503.0
halo,jordan smith,0,0,0,0,0.0,
hold my hand,jess glynne,0,0,0,0,8.0,738785.0
levels,nick jonas,0,0,0,0,5.0,60242.0
want to want me,jason derulo,0,0,0,0,10.0,231886.0
all eyes on you,meek mill featuring chris brown and nicki minaj,0,0,0,0,,
scholarships,drake and future,0,0,0,0,19.0,1083108.0
digital dash,drake and future,0,0,0,0,,
sugar,maroon 5,0,0,0,0,13.0,1821191.0
marvin gaye,charlie puth featuring meghan trainor,0,0,0,0,11.0,653496.0
home,one direction,0,0,0,0,4.0,229034.0
used to love you sober,kane brown,0,0,0,0,0.0,15158.0
gonna wanna tonight,chase rice,0,0,0,0,0.0,7584.0
nothing but trouble,lil wayne and charlie puth,0,0,0,0,0.0,
powerful,major lazer featuring ellie goulding and tarrus riley,0,0,0,0,,
100,the game featuring drake,0,0,0,0,,
flex,rich homie quan,0,0,0,0,16.0,1214170.0
worth it,fifth harmony featuring kid ink,0,0,0,0,11.0,400202.0
lose my mind,brett eldredge,0,0,0,0,7.0,13900.0
this could be us,rae sremmurd,0,0,0,0,15.0,825493.0
john cougar john deere john 3 16,keith urban,0,0,0,0,23.0,112101.0
live from the gutter,drake and future,0,0,0,0,,
i'm the plug,drake and future,0,0,0,0,23.0,591153.0
can't sleep love,pentatonix,0,0,0,0,3.0,73617.0
earned it,the weeknd,0,0,0,0,10.0,1783193.0
bad blood,taylor swift featuring kendrick lamar,0,0,0,0,,
el perdon,nicky jam and enrique iglesias,0,0,0,0,,
house party,sam hunt,0,0,0,0,2.0,34569.0
fly,maddie and tae,0,0,0,0,,
change locations,drake and future,0,0,0,0,,
love me,the 1975,0,0,0,0,9.0,373038.0
uma thurman,fall out boy,0,0,0,0,13.0,640543.0
planez,jeremih featuring j. cole,0,0,0,0,23.0,2623006.0
buy me a boat,chris janson,0,0,0,0,19.0,78677.0
plastic bag,drake and future,0,0,0,0,11.0,539834.0
jersey,future,0,0,0,0,14.0,683649.0
cecilia and the satellite,andrew mcmahon in the wilderness,0,0,0,0,10.0,84410.0
ghost town,adam lambert,0,0,0,0,9.0,104421.0
hold each other,a great big world featuring futuristic,0,0,0,0,1.0,40594.0
infinity,one direction,0,0,0,0,9.0,464735.0
black magic,little mix,0,0,0,0,4.0,367947.0
30 for 30 freestyle,drake,0,0,0,0,31.0,976778.0
kick the dust up,luke bryan,0,0,0,0,15.0,41439.0
classic man,jidenna featuring roman gianarthur,0,0,0,0,,
honey i'm good,andy grammer,0,0,0,0,9.0,344199.0
crash and burn,thomas rhett,0,0,0,0,8.0,36315.0
runnin',naughty boy featuring beyonce and arrow benjamin,0,0,0,0,,
i don't like it i love it,flo rida featuring robin thicke and verdine white,0,0,0,0,13.0,110433.0
alright,kendrick lamar,0,0,0,0,30.0,4677235.0
r i c o,meek mill featuring drake,0,0,0,0,,
post to be,omarion featuring chris brown and jhene aiko,0,0,0,0,1.0,6159.0
tell your friends,the weeknd,0,0,0,0,25.0,1599559.0
hell of a night,dustin lynch,0,0,0,0,2.0,8560.0
she's kinda hot,5 seconds of summer,0,1,0,0,10.0,228491.0
about you,trey songz,0,0,0,0,1.0,126177.0
real life,jake owen,0,0,0,0,6.0,8522.0
should've been us,tori kelly,0,0,0,0,9.0,71372.0
firestone,kygo featuring conrad,0,0,0,0,8.0,335899.0
loving you easy,zac brown band,0,0,0,0,9.0,18321.0
prisoner,the weeknd featuring lana del rey,0,0,0,0,,
dark times,the weeknd featuring ed sheeran,0,0,0,0,7.0,848849.0
beautiful now,zedd featuring jon bellion,0,0,0,0,10.0,150817.0
real life,the weeknd,0,0,0,0,8.0,781456.0
rotten to the core,"dove cameron, cameron boyce, booboo stewart and sofia carson",0,0,0,0,,
burn slow,wiz khalifa featuring rae sremmurd,0,0,0,0,,
do it again,pia mia featuring chris brown and tyga,0,0,0,0,,
one man can change the world,big sean featuring kanye west and john legend,0,0,0,0,23.0,1234058.0
cheyenne,jason derulo,0,0,0,0,5.0,48217.0
omen,disclosure featuring sam smith,0,0,0,0,,
shameless,the weeknd,0,0,0,0,5.0,1065430.0
the night is still young,nicki minaj,0,0,0,0,11.0,251941.0
hey mama,"david guetta featuring nicki minaj, bebe rexha and afrojack",0,0,0,0,,
roots,imagine dragons,0,0,0,0,7.0,101252.0
losers,the weeknd featuring labrinth,0,0,0,0,,
young and crazy,frankie ballard,0,0,0,0,1.0,
jet black heart,5 seconds of summer,0,1,0,0,8.0,250242.0
b better have my money,rihanna,0,0,0,0,1.0,
love me like you do,ellie goulding,0,0,0,0,9.0,1197214.0
nasty freestyle,t-wayne,0,0,0,0,23.0,2527364.0
straight outta compton,n.w.a,0,0,0,0,39.0,1801521.0
boyz-n-the hood,eazy-e,0,0,0,0,21.0,988237.0
be real,kid ink featuring dej loaf,0,0,0,0,18.0,281488.0
sangria,blake shelton,0,0,0,0,7.0,54018.0
kiss you in the morning,michael ray,0,0,0,0,12.0,8295.0
one hell of an amen,brantley gilbert,0,0,0,0,5.0,10284.0
high by the beach,lana del rey,0,0,0,0,13.0,923607.0
i'm to blame,kip moore,0,0,0,0,12.0,11493.0
talking body,tove lo,0,0,0,0,10.0,343517.0
like a wrecking ball,eric church,0,0,0,0,5.0,42490.0
wet dreamz,j. cole,0,0,0,0,18.0,3806775.0
tonight looks good on you,jason aldean,0,0,0,0,2.0,7344.0
fun,pitbull featuring chris brown,0,0,0,0,,
how many times,"dj khaled featuring chris brown, lil wayne and big sean",0,0,0,0,,
fly away,5 seconds of summer,0,1,0,0,4.0,68199.0
you know you like it,dj snake and alunageorge,0,0,0,0,8.0,148231.0
if only,dove cameron,0,0,0,0,18.0,576476.0
commas,future,0,0,0,0,,
100 grandkids,mac miller,0,0,0,0,40.0,420245.0
take your time,sam hunt,0,0,0,0,24.0,276336.0
slow motion,trey songz,0,0,0,0,2.0,238064.0
charged up,drake,0,0,0,0,25.0,1552954.0
love you like that,canaan smith,0,0,0,0,2.0,18155.0
this summer's gonna hurt,maroon 5,0,0,0,0,10.0,88111.0
crushin' it,brad paisley,0,0,0,0,4.0,8824.0
the matrimony,wale featuring usher,0,0,0,0,6.0,973925.0
good thing,sage the gemini featuring nick jonas,0,0,0,0,1.0,62793.0
girl crush,little big town,0,0,0,0,10.0,261512.0
elastic heart,sia,0,0,0,0,13.0,618551.0
shake it off,taylor swift,0,0,0,0,10.0,1415481.0
no sleeep,janet featuring j. cole,0,0,0,0,21.0,161579.0
fire n gold,bea miller,0,0,0,0,2.0,46505.0
love me like you mean it,kelsea ballerini,0,0,0,0,1.0,16583.0
bright,echosmith,0,0,0,0,8.0,102013.0
kings never die,eminem featuring gwen stefani,0,0,0,0,46.0,767204.0
yoga,janelle monae and jidenna,1,0,0,0,24.0,245920.0
back it up,prince royce featuring jennifer lopez and pitbull,0,0,0,0,,
like i can,sam smith,0,0,0,0,6.0,266422.0
baby be my love song,easton corbin,0,0,0,0,2.0,
sippin' on fire,florida georgia line,0,0,0,0,0.0,11890.0
blow a bag,future,0,0,0,0,10.0,357742.0
tear in my heart,twenty one pilots,0,0,0,0,11.0,1081208.0
dance like we're making love,ciara,0,0,0,0,2.0,46262.0
somebody,natalie la rose featuring jeremih,0,0,0,0,8.0,599876.0
style,taylor swift,0,0,0,0,17.0,2022398.0
don't it,billy currington,0,0,0,0,14.0,8039.0
little toy guns,carrie underwood,0,0,0,0,17.0,23680.0
i really like you,carly rae jepsen,0,0,0,0,5.0,183583.0
lord knows,meek mill,0,0,0,0,32.0,577228.0
jump out the face,meek mill featuring future,0,0,0,0,15.0,378090.0
hood go crazy,tech n9ne featuring 2 chainz and b.o.b,0,0,0,0,21.0,242573.0
g d f r,flo rida featuring sage the gemini and lookas,0,0,0,0,,
love is your name,steven tyler,0,0,0,0,2.0,
bad for you,meek mill featuring nicki minaj,0,0,0,0,11.0,483778.0
diamond rings and old barstools,tim mcgraw with catherine dunn,0,0,0,0,,
smoke,a thousand horses,0,0,0,0,2.0,9821.0
brother,needtobreathe featuring gavin degraw,0,0,0,0,6.0,95803.0
budapest,george ezra,0,0,0,0,4.0,686526.0
blank space,taylor swift,0,0,0,0,20.0,2144879.0
coffee,miguel,0,0,0,0,19.0,682072.0
know yourself,drake,0,0,0,0,56.0,5381827.0
flashlight,jessie j,0,0,0,0,4.0,509953.0
dear future husband,meghan trainor,0,0,0,0,11.0,703968.0
one last time,ariana grande,0,0,0,0,1.0,2066113.0
energy,drake,0,0,0,0,34.0,2919945.0
wild child,kenny chesney with grace potter,0,0,0,0,3.0,32398.0
i need your love,"shaggy featuring mohombi, faydee, costi",0,0,0,0,,
b i'm madonna,madonna featuring nicki minaj,0,0,0,0,,
pretty girls,britney spears and iggy azalea,0,0,0,0,10.0,85038.0
check,young thug,0,0,0,0,25.0,1230961.0
blessings,big sean featuring drake,0,0,0,0,,
lay me down,sam smith,0,0,0,0,2.0,1538023.0
sparks,hilary duff,0,0,0,0,6.0,17694.0
believe,mumford and sons,0,0,0,0,10.0,106537.0
i don't get tired,kevin gates featuring august alsina,0,0,0,0,21.0,347406.0
flicka da wrist,chedda da connect,0,1,0,0,8.0,303434.0
nasty,bandit gang marco featuring dro,0,0,0,0,2.0,113915.0
time of our lives,pitbull and ne-yo,0,0,0,0,9.0,370452.0
chains,nick jonas,0,0,0,0,7.0,94852.0
3500,travi$ scott featuring future and 2 chainz,0,0,0,0,,
all day,"kanye west featuring theophilus london, allan kingdom and paul mccartney",0,0,0,0,,
i want you to know,zedd featuring selena gomez,0,0,0,0,7.0,112224.0
l d,a$ap rocky,0,0,0,0,,
everyday,a$ap rocky featuring rod stewart x miguel x mark ronson,0,0,0,0,,
phenomenal,eminem,0,0,0,0,37.0,695818.0
ulay oh,how i became the bomb,0,0,0,0,9.0,24275.0
truffle butter,nicki minaj featuring drake and lil wayne,0,0,0,0,20.0,2595448.0
fourfiveseconds,rihanna and kanye west and paul mccartney,0,0,0,0,1.0,
electric body,a$ap rocky featuring schoolboy q,0,0,0,0,24.0,591677.0
you changed me,jamie foxx featuring chris brown,0,0,0,0,1.0,160587.0
get low,dillon francis and dj snake,0,0,0,0,1.0,48516.0
all about that bass,meghan trainor,0,0,0,0,15.0,1250219.0
homegrown,zac brown band,0,0,0,0,7.0,45466.0
heartbeat song,kelly clarkson,0,0,0,0,9.0,57437.0
i bet,ciara,0,0,0,0,5.0,400037.0
king kunta,kendrick lamar,0,0,0,0,25.0,5134816.0
raise 'em up,keith urban featuring eric church,0,0,0,0,14.0,5313.0
please,sawyer fredericks,0,0,0,0,3.0,15663.0
feeling myself,nicki minaj featuring beyonce,0,0,0,0,,
take me to church,hozier,0,0,0,0,29.0,7181420.0
ayo,chris brown and tyga,0,0,0,0,,
old man,sawyer fredericks,0,0,0,0,,
change my mind,meghan linsey,0,0,0,0,2.0,6381.0
she don't love you,eric paslay,0,0,0,0,6.0,11405.0
games,luke bryan,0,0,0,0,1.0,5646.0
throw sum mo,rae sremmurd featuring nicki minaj and young thug,0,0,0,0,,
i'm not the only one,sam smith,0,0,0,0,4.0,1592351.0
a guy walks into a bar,tyler farr,0,0,0,0,6.0,8099.0
geronimo,sheppard,0,0,0,0,6.0,121845.0
say you do,dierks bentley,0,0,0,0,11.0,11394.0
nothing without love,nate ruess,0,0,0,0,6.0,22427.0
beautiful life,nick fradiani,0,0,0,0,12.0,
a thousand years,sawyer fredericks,0,0,0,0,,
lips are movin,meghan trainor,0,0,0,0,12.0,130793.0
ain't worth the whiskey,cole swindell,0,0,0,0,1.0,20351.0
nobody love,tori kelly,0,0,0,0,4.0,40030.0
american oxygen,rihanna,0,0,0,0,6.0,133037.0
shine on,sawyer fredericks,0,0,0,0,1.0,
10 bands,drake,0,0,0,0,21.0,1499488.0
centuries,fall out boy,0,0,0,0,20.0,663408.0
simple man,sawyer fredericks,0,0,0,0,,
infinity,mariah carey,0,0,0,0,7.0,63277.0
legend,drake,0,0,0,0,24.0,2078792.0
hallelujah,panic! at the disco,0,0,0,0,20.0,246805.0
i don't mind,usher featuring juicy j,0,0,0,0,10.0,521208.0
riptide,vance joy,0,0,0,0,11.0,2634358.0
drinking class,lee brice,0,0,0,0,2.0,16245.0
outside,calvin harris featuring ellie goulding,0,0,0,0,,
little red wagon,miranda lambert,0,0,0,0,6.0,45799.0
make it rain,koryn hawthorne,0,0,0,0,3.0,85133.0
ride out,"kid ink, tyga, wale, yg and rich homie quan",0,0,0,0,,
trouble,iggy azalea featuring jennifer hudson,0,0,0,0,,
iris,sawyer fredericks,0,0,0,0,,
only,"nicki minaj featuring drake, lil wayne and chris brown",0,0,0,0,0.0,
jealous,nick jonas,0,0,0,0,5.0,813278.0
stay with me,sam smith,0,0,0,0,6.0,3292200.0
lonely eyes,chris young,0,0,0,0,3.0,10969.0
bills,lunchmoney lewis,0,0,0,0,15.0,83249.0
prayer in c,lillywood and robin schulz,0,0,0,0,0.0,
imagine,sawyer fredericks,0,0,0,0,,
house of the rising sun,kimberly nichole,0,0,0,0,,
i don't f k with you,big sean featuring e-40,0,0,0,0,,
7 11,beyonce,1,0,0,0,14.0,862599.0
homegrown honey,darius rucker,0,0,0,0,3.0,5897.0
go hard or go home,wiz khalifa and iggy azalea,0,0,0,0,10.0,148212.0
immortals,fall out boy,0,0,0,0,15.0,665628.0
good lovin,ludacris featuring miguel,0,0,0,0,9.0,202206.0
goodbye,who is fancy,0,0,0,0,7.0,30317.0
animals,maroon 5,0,0,0,0,16.0,1013694.0
night changes,one direction,0,0,0,0,10.0,3078576.0
she knows,ne-yo featuring juicy j,0,0,0,0,15.0,175047.0
i bet my life,imagine dragons,0,0,0,0,11.0,154287.0
coco,o.t. genasis,0,0,0,0,14.0,3123992.0
apparently,j. cole,0,0,0,0,27.0,2070736.0
i see you,luke bryan,0,0,0,0,4.0,7435.0
failure,breaking benjamin,0,0,0,0,9.0,67452.0
lonely tonight,blake shelton featuring ashley monroe,0,0,0,0,21.0,19270.0
baby blue,action bronson featuring chance the rapper,0,0,0,0,31.0,1490863.0
just gettin' started,jason aldean,0,0,0,0,1.0,6758.0
make me wanna,thomas rhett,0,0,0,0,2.0,26881.0
chandelier,sia,0,0,0,0,32.0,3070041.0
no type,rae sremmurd,0,0,0,0,13.0,2931857.0
the blacker the berry,kendrick lamar,0,0,0,0,38.0,3502222.0
mean to me,brett eldredge,0,0,0,0,5.0,17021.0
fairly local,twenty one pilots,0,0,0,0,15.0,421345.0
the heart wants what it wants,selena gomez,0,0,0,0,9.0,802226.0
you're so beautiful,empire cast featuring jussie smollett and yazz,0,0,0,0,,
wesley's theory,kendrick lamar featuring george clinton and thundercat,0,0,0,0,,
i lived,onerepublic,0,0,0,0,11.0,234341.0
these walls,"kendrick lamar featuring bilal, anna wise and thundercat",0,0,0,0,,
institutionalized,"kendrick lamar featuring bilal, anna wise and snoop dogg",0,0,0,0,,
the hanging tree,james newton howard featuring jennifer lawrence,0,0,0,0,16.0,612030.0
ghost,ella henderson,0,0,0,0,5.0,155452.0
masterpiece,jessie j,0,0,0,0,9.0,94561.0
conqueror,empire cast featuring estelle and jussie smollett,0,0,0,0,,
what we ain't got,jake owen,0,0,0,0,6.0,
love me harder,ariana grande and the weeknd,0,0,0,0,,
sun daze,florida georgia line,0,0,0,0,10.0,29106.0
like a cowboy,randy houser,0,0,0,0,1.0,
talladega,eric church,0,0,0,0,26.0,29491.0
adore,cashmere cat featuring ariana grande,0,0,0,0,,
monster,meek mill,0,0,0,0,34.0,340035.0
sledgehammer,fifth harmony,0,0,0,0,1.0,108240.0
try me,dej loaf,0,0,0,0,32.0,1367160.0
not for long,b.o.b featuring trey songz,0,0,0,0,10.0,108253.0
glory,common and john legend,0,0,0,0,35.0,357502.0
bang bang,"jessie j, ariana grande and nicki minaj",0,0,0,0,,
first kiss,kid rock,0,0,0,0,1.0,6952.0
often,the weeknd,0,0,0,0,15.0,2705067.0
all your fault,big sean featuring kanye west,0,0,0,0,37.0,729834.0
you are in love,taylor swift,0,0,0,0,15.0,496162.0
stuck on a feeling,prince royce featuring snoop dogg,0,0,0,0,7.0,17065.0
only one,kanye west featuring paul mccartney,0,0,0,0,,
paradise,big sean,0,0,0,0,6.0,74410.0
no tellin',drake,0,0,0,0,75.0,1068486.0
tuesday,i love makonnen featuring drake,0,0,0,0,,
habits,tove lo,0,0,0,0,10.0,1657717.0
wonderland,taylor swift,0,0,0,0,17.0,719083.0
preach,drake featuring partynextdoor,0,0,0,0,,
6 god,drake,0,0,0,0,19.0,1612702.0
used to,drake featuring lil wayne,0,0,0,0,2.0,34181.0
take it on back,chase bryant,0,0,0,0,9.0,
what kind of man,florence + the machine,0,0,0,0,9.0,160220.0
shots,imagine dragons,0,0,0,0,14.0,160800.0
the body,wale featuring jeremih,0,0,0,0,,
now and forever,drake,0,0,0,0,12.0,843632.0
6 man,drake,0,0,0,0,20.0,1110861.0
don't,ed sheeran,0,0,0,0,18.0,1389322.0
heroes,alesso featuring tove lo,0,0,0,0,,
something in the water,carrie underwood,0,0,0,0,11.0,47882.0
shotgun rider,tim mcgraw,0,0,0,0,3.0,44859.0
where you belong,the weeknd,0,0,0,0,6.0,185418.0
i put a spell on you,annie lennox,0,0,0,0,2.0,69283.0
keep your money,empire cast featuring jussie smollett,0,0,0,0,6.0,60604.0
work it,"missy ""misdemeanor"" elliott",0,0,0,0,29.0,1526773.0
get ur freak on,"missy ""misdemeanor"" elliott",0,0,0,0,14.0,238348.0
waves,mr. probz,0,0,0,0,13.0,1142089.0
body language,kid ink featuring usher and tinashe,0,0,0,0,11.0,103593.0
beg for it,iggy azalea featuring m0,0,0,0,0,,
l a love,fergie,0,0,0,0,,
a little too much,shawn mendes,0,0,0,0,1.0,97471.0
god made girls,raelynn,0,0,0,0,9.0,24656.0
hotel,kid ink featuring chris brown,0,0,0,0,,
flawless,beyonce featuring nicki minaj or chimamanda ngozi adichie,0,0,0,0,,
out the speakers,a-trak + milo and otis featuring rich kidz,0,0,0,0,1.0,
i mean it,g-eazy featuring remo,0,0,0,0,26.0,1496565.0
rude,magic!,0,0,0,0,9.0,830245.0
all about it,hoodie allen featuring ed sheeran,0,0,0,0,20.0,205695.0
til it's gone,kenny chesney,0,0,0,0,1.0,
dangerous,david guetta featuring sam martin,0,0,0,0,0.0,
can't stop dancin',becky g,0,0,0,0,1.0,26468.0
perfect storm,brad paisley,0,0,0,0,5.0,42174.0
steal my girl,one direction,0,0,0,0,3.0,655043.0
don't tell 'em,jeremih featuring yg,0,0,0,0,19.0,1148358.0
black widow,iggy azalea featuring rita ora,0,0,0,0,18.0,461172.0
blame,calvin harris featuring john newman,0,0,0,0,3.0,114139.0
hot boy,bobby shmurda,0,0,0,0,,
touchin lovin,trey songz featuring nicki minaj,0,0,0,0,10.0,396337.0
hold you down,"dj khaled featuring chris brown, august alsina, future and jeremih",0,0,0,0,3.0,9848.0
no love,august alsina,0,1,0,0,1.0,149732.0
stolen dance,milky chance,0,0,0,0,13.0,835448.0
rather be,clean bandit featuring jess glynne,0,0,0,0,,
somewhere in my car,keith urban,0,0,0,0,13.0,12275.0
close your eyes,parmalee,0,0,0,0,0.0,
best friends,sophia grace,0,0,0,0,1.0,
blank space,i prevail,0,0,0,0,1.0,34213.0
neon light,blake shelton,0,0,0,0,8.0,9691.0
trumpets,jason derulo,0,0,0,0,13.0,278462.0
anaconda,nicki minaj,0,0,0,0,30.0,2295813.0
lifestyle,rich gang featuring young thug and rich homie quan,0,0,0,0,,
try,colbie caillat,0,0,0,0,14.0,135344.0
something big,shawn mendes,0,0,0,0,3.0,83993.0
in your arms,nico and vinz,0,0,0,0,17.0,69230.0
bed of lies,nicki minaj featuring skylar grey,0,0,0,0,24.0,470337.0
yellow flicker beat,lorde,0,0,0,0,19.0,267125.0
burnin' up,jessie j featuring 2 chainz,0,0,0,0,8.0,30832.0
break the rules,charli xcx,0,0,0,0,8.0,66401.0
bad b tch,french montana featuring jeremih,0,0,0,0,8.0,20034.0
shell shocked,"juicy j, wiz khalifa and ty dolla $ign featuring kill the noise and madsonik",0,0,0,0,,
title,meghan trainor,0,0,0,0,12.0,224490.0
wasted love,matt mcandrew,0,0,0,0,9.0,47489.0
my baby's got a smile on her face,craig wayne boyd,0,0,0,0,2.0,
velvet,chris jamison,0,0,0,0,2.0,11682.0
about the money,t.i. featuring young thug,0,0,0,0,29.0,1953774.0
lost without u,chris jamison and adam levine,0,0,0,0,,
soldier,damien,0,0,0,0,,
lost stars,matt mcandrew and adam levine,0,0,0,0,,
girl in a country song,maddie and tae,0,0,0,0,16.0,55819.0
get on your knees,nicki minaj featuring ariana grande,0,0,0,0,12.0,441239.0
fireball,pitbull featuring john ryan,0,0,0,0,12.0,173699.0
cool kids,echosmith,0,0,0,0,9.0,279318.0
new flame,chris brown featuring usher and rick ross,0,0,0,0,,
make it rain,ed sheeran,0,0,0,0,6.0,149963.0
the old rugged cross,craig wayne boyd,0,0,0,0,1.0,
no flex zone,rae sremmurd,0,0,0,0,36.0,1660544.0
make it rain,matt mcandrew,0,0,0,0,1.0,
have yourself a merry little christmas,sam smith,0,0,0,0,0.0,24271.0
come join the murder,the white buffalo and the forest rangers,0,0,0,0,17.0,182534.0
when i was your man,chris jamison,0,0,0,0,,
the blower's daughter,matt mcandrew,0,0,0,0,0.0,
0 to 100 the catch up,drake,0,0,0,0,41.0,3829618.0
burnin' it down,jason aldean,0,0,0,0,8.0,76300.0
look at you,big and rich,0,0,0,0,,
day drinking,little big town,0,0,0,0,1.0,
feelin' it,scotty mccreery,0,0,0,0,2.0,
i,kendrick lamar,0,0,0,0,54.0,2997834.0
royals,taylor john williams,0,0,0,0,,
break free,ariana grande featuring zedd,0,0,0,0,,
fancy,iggy azalea featuring charli xcx,0,0,0,0,,
guts over fear,eminem featuring sia,0,0,0,0,47.0,1171346.0
booty,jennifer lopez featuring iggy azalea or pitbull,0,0,0,0,,
i walk the line,craig wayne boyd,0,0,0,0,1.0,
this is how we do,katy perry,0,0,0,0,12.0,163840.0
baby don't lie,gwen stefani,0,0,0,0,6.0,13070.0
roller coaster,luke bryan,0,0,0,0,6.0,18708.0
all of me,john legend,0,0,0,0,12.0,5668280.0
bailando,enrique iglesias featuring descemer bueno and gente de zona,0,0,0,0,,
boom clap,charli xcx,0,0,0,0,5.0,295308.0
happy,pharrell williams,0,0,0,0,6.0,2547211.0
do they know it's christmas,band aid 30,0,0,0,0,6.0,55853.0
sunshine and whiskey,frankie ballard,0,0,0,0,9.0,9431.0
baby it's cold outside,idina menzel duet with michael buble,0,0,0,0,,
dirt,florida georgia line,0,0,0,0,16.0,42175.0
good girls,5 seconds of summer,0,1,0,0,3.0,122417.0
take me to church,matt mcandrew,0,0,0,0,0.0,
stockholm syndrome,one direction,0,0,0,0,3.0,296316.0
you and your friends,wiz khalifa featuring snoop dogg and ty dolla $ign,0,0,0,0,18.0,90032.0
am i wrong,nico and vinz,0,0,0,0,,
maps,maroon 5,0,0,0,0,10.0,658790.0
leave the night on,sam hunt,0,0,0,0,8.0,36598.0
amnesia,5 seconds of summer,0,1,0,0,8.0,335362.0
18,one direction,0,0,0,0,2.0,1048672.0
where do broken hearts go,one direction,0,0,0,0,4.0,280441.0
handsome and wealthy,migos,0,0,0,0,19.0,567910.0
bobby bitch,bobby shmurda,0,0,0,0,16.0,498198.0
superheroes,the script,0,0,0,0,10.0,142151.0
made me,snootie wild featuring k camp,0,0,0,0,5.0,172453.0
ready to run,one direction,0,0,0,0,2.0,153512.0
secrets,mary lambert,0,0,0,0,22.0,51554.0
latch,disclosure featuring sam smith,0,0,0,0,,
no mediocre,t.i. featuring iggy azalea,0,0,0,0,,
welcome to new york,taylor swift,0,0,0,0,10.0,352294.0
i won't let you down,ok go,0,0,0,0,8.0,12780.0
american kids,kenny chesney,0,0,0,0,13.0,66699.0
hope you get lonely tonight,cole swindell,0,0,0,0,6.0,5668.0
a sky full of stars,coldplay,0,0,0,0,8.0,717600.0
small town throwdown,brantley gilbert featuring justin moore and thomas rhett,0,0,0,0,2.0,5585.0
hideaway,kiesza,0,0,0,0,7.0,128152.0
hookah,tyga featuring young thug,0,0,0,0,,
fight night,migos,0,0,0,0,25.0,694982.0
u guessed it,og maco featuring 2 chainz,0,0,0,0,7.0,41523.0
2 on,tinashe featuring schoolboy q,0,0,0,0,,
problem,ariana grande featuring iggy azalea,0,0,0,0,,
dark horse,katy perry featuring juicy j,0,0,0,0,1.0,
ready set roll,chase rice,0,0,0,0,3.0,17717.0
shower,becky g,0,0,0,0,7.0,230598.0
v 3005,childish gambino,0,0,0,0,30.0,3715199.0
studio,schoolboy q featuring bj the chicago kid,0,0,0,0,,
ew,jimmy fallon featuring will.i.am,0,0,0,0,13.0,151439.0
i'm not gonna miss you,glen campbell,0,0,0,0,15.0,55072.0
bo,fifth harmony,0,0,0,0,15.0,165006.0
the days,avicii,0,0,0,0,3.0,137098.0
believe me,lil wayne featuring drake,0,0,0,0,,
24 hours,teeflii featuring 2 chainz,0,0,0,0,1.0,
errrbody,yo gotti,0,0,0,0,12.0,253142.0
later on,the swon brothers,0,0,0,0,1.0,
counting stars,onerepublic,0,0,0,0,13.0,3046349.0
somethin' bad,miranda lambert duet with carrie underwood,0,0,0,0,2.0,47490.0
bartender,lady antebellum,0,0,0,0,8.0,44397.0
bumpin' the night,florida georgia line,0,0,0,0,0.0,
really don't care,demi lovato featuring cher lloyd,0,0,0,0,10.0,105242.0
walk thru,rich homie quan featuring problem,0,0,0,0,2.0,349287.0
meanwhile back at mama's,tim mcgraw featuring faith hill,0,0,0,0,12.0,76090.0
drunk on a plane,dierks bentley,0,0,0,0,19.0,56410.0
angel in blue jeans,train,0,0,0,0,3.0,12932.0
bend ova,lil jon featuring tyga,0,0,0,0,2.0,93783.0
left hand free,alt-j,0,0,0,0,12.0,387091.0
main chick,kid ink featuring chris brown,0,0,0,0,9.0,231228.0
loyal,chris brown featuring lil wayne and french montana or too $hort or tyga,0,0,0,0,,
where it's at,dustin lynch,0,0,0,0,0.0,9159.0
wiggle,jason derulo featuring snoop dogg,0,0,0,0,,
love runs out,onerepublic,0,0,0,0,3.0,120305.0
pills n potions,nicki minaj,0,0,0,0,12.0,1251756.0
dust,eli young band,0,0,0,0,4.0,
x,chris brown,0,0,0,0,12.0,294418.0
foreign,trey songz,0,0,0,0,10.0,398402.0
summer,calvin harris,0,0,0,0,4.0,625191.0
two night town,jason aldean,0,0,0,0,1.0,5961.0
work,iggy azalea,0,0,0,0,26.0,1535403.0
love never felt so good,michael jackson and justin timberlake,0,0,0,0,7.0,294099.0
seen it all,jeezy featuring jay z,0,0,0,0,36.0,392055.0
cold one,eric church,0,0,0,0,8.0,
sweet little somethin',jason aldean,0,0,0,0,2.0,
good kisser,usher,0,0,0,0,13.0,238387.0
turn down for what,dj snake and lil jon,0,0,0,0,28.0,42124.0
yeah,joe nichols,0,0,0,0,14.0,5803.0
it was always you,maroon 5,0,0,0,0,1.0,47673.0
delirious,"steve aoki, chris lake and tujamo featuring kid ink",0,0,0,0,,
i will never let you down,rita ora,0,0,0,0,2.0,52433.0
river bank,brad paisley,0,0,0,0,2.0,
she came to give it to you,usher featuring nicki minaj,0,0,0,0,9.0,99157.0
we dem boyz,wiz khalifa,0,0,0,0,11.0,616084.0
i don't dance,lee brice,0,0,0,0,7.0,49354.0
we are tonight,billy currington,0,0,0,0,4.0,5791.0
best mistake,ariana grande featuring big sean,0,0,0,0,11.0,426949.0
who i am with you,chris young,0,0,0,0,1.0,13949.0
come get it bae,pharrell williams,0,0,0,0,5.0,122590.0
come with me now,kongos,0,0,0,0,5.0,71337.0
girls chase boys,ingrid michaelson,0,0,0,0,13.0,58348.0
sing,ed sheeran,0,0,0,0,10.0,365486.0
cut her off,kcamp featuring 2 chainz,0,0,0,0,3.0,
wasted,tiesto featuring matthew koma,0,0,0,0,,
dare,shakira,0,0,0,0,14.0,44211.0
classic,mkto,0,0,0,0,20.0,705159.0
pompeii,bastille,0,0,0,0,11.0,920269.0
this is how we roll,florida georgia line ft. jason derulo and luke bryan,0,0,0,0,17.0,25635.0
she looks so perfect,5 seconds of summer,0,1,0,0,9.0,1098562.0
i'm ready,ajr,0,0,0,0,9.0,68455.0
my eyes,blake shelton featuring gwen sebastian,0,0,0,0,4.0,12835.0
ain't it fun,paramore,0,1,0,0,15.0,555860.0
me and my broken heart,rixton,0,0,0,0,6.0,205361.0
beachin',jake owen,0,0,0,0,3.0,29069.0
wild life,jack and jack,0,0,0,0,9.0,31781.0
birthday,katy perry,0,0,0,0,12.0,196505.0
song about a girl,eric paslay,0,0,0,0,2.0,
talk dirty,jason derulo featuring 2 chainz,0,0,0,0,1.0,
na na,trey songz,0,0,0,0,9.0,396559.0
or nah,ty dolla $ign featuring wiz khalifa and dj mustard,0,0,0,0,,
chasing the sun,hilary duff,0,0,0,0,7.0,
not a bad thing,justin timberlake,0,0,0,0,8.0,250851.0
play it again,luke bryan,0,0,0,0,18.0,77685.0
who do you love,yg featuring drake,0,0,0,0,25.0,1354471.0
tennis court,lorde,0,0,0,0,17.0,652155.0
word crimes,"""weird al"" yankovic",0,0,0,0,40.0,109813.0
happy little pill,troye sivan,0,0,0,0,5.0,156490.0
whiskey in my water,tyler farr,0,0,0,0,5.0,
everything i didn't say,5 seconds of summer,0,1,0,0,2.0,49416.0
best day of my life,american authors,0,0,0,0,6.0,555145.0
trophies,young money featuring drake,0,0,0,0,,
you and i,john legend,0,0,0,0,2.0,158529.0
she twerkin,ca$h out,0,0,0,0,5.0,187286.0
let it go,idina menzel,0,0,0,0,25.0,1133540.0
move that doh,"future featuring pharrell, pusha t and casino",0,0,0,0,,
i got a car,george strait,0,0,0,0,7.0,18093.0
chainsaw,the band perry,0,0,0,0,0.0,
timber,pitbull featuring ke$ha,0,0,0,0,,
la la la,naughty boy featuring sam smith,0,0,0,0,2.0,802229.0
lettin' the night roll,justin moore,0,0,0,0,1.0,
life of the party,shawn mendes,0,0,0,0,3.0,264869.0
calm down,busta rhymes featuring eminem,0,0,0,0,,
keep them kisses comin',craig campbell,0,0,0,0,1.0,
we are one the 2014 fifa world cup official song,pitbull featuring jennifer lopez and claudia leitte,0,0,0,0,,
first love,jennifer lopez,0,0,0,0,1.0,13341.0
ten feet tall,afrojack featuring wrabel,0,0,0,0,1.0,44634.0
get her back,robin thicke,0,0,0,0,8.0,14456.0
jungle,jamie n commons and x ambassadors,0,0,0,0,16.0,116807.0
you and i,one direction,0,0,0,0,,
automatic,miranda lambert,0,0,0,0,8.0,15563.0
wild wild love,pitbull featuring g.r.l.,0,0,0,0,6.0,22448.0
kiss me kiss me,5 seconds of summer,0,1,0,0,4.0,50735.0
afire love,ed sheeran,0,0,0,0,7.0,260720.0
demons,imagine dragons,0,0,0,0,13.0,2243536.0
beat of the music,brett eldredge,0,0,0,0,0.0,7962.0
the worst,jhene aiko,1,0,0,0,6.0,2305939.0
human,christina perri,0,0,0,0,9.0,421477.0
on top of the world,imagine dragons,0,0,0,0,6.0,265195.0
west coast,lana del rey,0,0,0,0,17.0,1669457.0
hangover,psy featuring snoop dogg,0,0,0,0,,
team,lorde,0,0,0,0,14.0,1987327.0
empire,shakira,0,0,0,0,3.0,56619.0
sleeping with a friend,neon trees,0,0,0,0,9.0,26839.0
i choose you,sara bareilles,0,0,0,0,5.0,60409.0
bottoms up,brantley gilbert,0,0,0,0,4.0,66526.0
show me,kid ink featuring chris brown,0,0,0,0,,
story of my life,one direction,0,0,0,0,4.0,1950791.0
ultraviolence,lana del rey,0,0,0,0,16.0,1079180.0
red lights,tiesto,0,0,0,0,4.0,40450.0
magic,coldplay,0,0,0,0,7.0,454736.0
raging fire,phillip phillips,0,0,0,0,0.0,12288.0
partition,beyonce,1,0,0,0,33.0,3414043.0
rewind,rascal flatts,0,0,0,0,1.0,11956.0
mmm yeah,austin mahone featuring pitbull,0,0,0,0,6.0,82033.0
shades of cool,lana del rey,0,0,0,0,7.0,654868.0
cop car,keith urban,0,0,0,0,13.0,10476.0
xo,john mayer,0,0,0,0,1.0,87319.0
don't stop,5 seconds of summer,0,1,0,0,2.0,96638.0
part ii,jay z featuring beyonce,0,0,0,0,,
i won,future featuring kanye west,0,0,0,0,,
billie jean,michael jackson,0,0,0,0,16.0,2238260.0
slave to the rhythm,michael jackson,0,0,0,0,5.0,56050.0
let her go,passenger,0,0,0,0,10.0,2457801.0
get me some of that,thomas rhett,0,0,0,0,4.0,12925.0
somebody that i used to know,christina grimmie and adam levine,0,0,0,0,0.0,
can't help falling in love,christina grimmie,0,0,0,0,0.0,
give me back my hometown,eric church,0,0,0,0,10.0,16397.0
leave your lover,sam smith,0,0,0,0,7.0,150683.0
stoner,young thug,0,0,0,0,18.0,803677.0
can't remember to forget you,shakira featuring rihanna,0,0,0,0,7.0,449433.0
midnight,coldplay,0,0,0,0,6.0,103142.0
headlights,eminem featuring nate ruess,0,0,0,0,31.0,1710698.0
the monster,eminem featuring rihanna,0,0,0,0,,
drink to that all night,jerrod niemann,0,0,0,0,0.0,6810.0
the walker,fitz and the tantrums,0,0,0,0,10.0,83569.0
fever,the black keys,0,0,0,0,9.0,115364.0
one,ed sheeran,0,0,0,0,3.0,273259.0
heaven,jake worthington,0,0,0,0,0.0,
wake up lovin' you,craig morgan,0,0,0,0,2.0,
the man,aloe blacc,0,0,0,0,17.0,686818.0
burn,ellie goulding,0,0,0,0,7.0,266272.0
hey brother,avicii,0,0,0,0,2.0,606082.0
animals,martin garrix,0,0,0,0,2.0,78827.0
neon lights,demi lovato,0,0,0,0,6.0,66075.0
i can't make you love me,josh kaufman,0,0,0,0,,
invisible,hunter hayes,0,0,0,0,2.0,88283.0
how to love,christina grimmie,0,0,0,0,0.0,
17 again,brantley gilbert,0,0,0,0,1.0,
selfie,the chainsmokers,0,0,0,0,23.0,190053.0
man of the year,schoolboy q,0,0,0,0,27.0,1044583.0
doin' what she likes,blake shelton,0,0,0,0,9.0,14990.0
say something,a great big world and christina aguilera,0,0,0,0,8.0,1854501.0
royals,lorde,0,0,0,0,15.0,2746492.0
drunk in love,beyonce featuring jay z,0,0,0,0,,
paranoid,ty dolla $ign featuring b.o.b,0,0,0,0,6.0,133438.0
hold on we're going home,christina grimmie,0,0,0,0,1.0,
my baby's guns n' roses,brantley gilbert,0,0,0,0,1.0,6070.0
19 you me,dan + shay,0,0,0,0,2.0,21615.0
for the first time in forever,kristen bell and idina menzel,0,0,0,0,24.0,976391.0
the big bang,katy tiz,0,0,0,0,1.0,
radioactive,imagine dragons,0,0,0,0,13.0,1665859.0
hello kitty,avril lavigne,0,0,0,0,10.0,219615.0
john doe,b.o.b featuring priscilla,0,0,0,0,,
do you want to build a snowman,"kristen bell, agatha lee monn and katie lopez",0,0,0,0,21.0,1043570.0
goodnight kiss,randy houser,0,0,0,0,0.0,
i hold on,dierks bentley,0,0,0,0,4.0,15932.0
stay with me,josh kaufman,0,0,0,0,,
do i wanna know,arctic monkeys,0,0,0,0,16.0,6996601.0
helluva life,frankie ballard,0,0,0,0,1.0,
oceans,hillsong united,0,0,0,0,2.0,5039.0
ride,somo,0,0,0,0,3.0,398947.0
feelin' myself,"will.i.am featuring miley cyrus, french montana, wiz khalifa and dj mustard",0,0,0,0,,
slow me down,sara evans,0,0,0,0,2.0,
my hitta,yg featuring jeezy and rich homie quan,0,0,0,0,,
let it go,demi lovato,0,0,0,0,16.0,390230.0
when she says baby,jason aldean,0,0,0,0,0.0,9729.0
lookin' for that girl,tim mcgraw,0,0,0,0,1.0,
adore you,miley cyrus,0,0,0,0,3.0,440873.0
bad blood,bastille,0,0,0,0,2.0,72458.0
take me home,cash cash featuring bebe rexha,0,0,0,0,2.0,76871.0
odio,romeo santos featuring drake,0,0,0,0,11.0,985190.0
roar,katy perry,0,0,0,0,15.0,792218.0
up down,t-pain featuring b.o.b,0,0,0,0,,
love is an open door,kristen bell and santino fontana,0,0,0,0,19.0,495955.0
beating heart,ellie goulding,0,0,0,0,7.0,50122.0
young girls,bruno mars,0,0,0,0,9.0,171960.0
everything i shouldn't be thinking about,thompson square,0,0,0,0,1.0,
brave,sara bareilles,0,0,0,0,6.0,157391.0
wrecking ball,miley cyrus,0,0,0,0,10.0,1905679.0
g u y,lady gaga,0,0,0,0,,
see you tonight,scotty mccreery,0,0,0,0,0.0,5585.0
hold on we're going home,drake featuring majid jordan,0,0,0,0,11.0,5650399.0
drink a beer,luke bryan,0,0,0,0,8.0,47423.0
i luh ya papi,jennifer lopez featuring french montana,0,0,0,0,6.0,61548.0
compass,lady antebellum,0,0,0,0,0.0,10684.0
love me again,john newman,0,0,0,0,2.0,260753.0
can't raise a man,k. michelle,0,0,0,0,17.0,130918.0
we might be dead by tomorrow,soko,0,0,0,0,6.0,69711.0
blurred lines,robin thicke featuring t.i. + pharrell,0,0,0,0,,
sail,awolnation,0,0,0,0,,AWOLNATION
sanctified,rick ross featuring kanye west and big sean,0,0,0,0,,
the language,drake,0,0,0,0,,Drake
ordinary love,u2,0,0,0,0,,U2
the devil is a lie,rick ross featuring jay z,0,0,0,0,,Rick Ross
glory and gore,lorde,0,0,0,0,,Lorde
adrenalina,wisin featuring jennifer lopez and ricky martin,0,1,0,0,,Ricky Martin
they don't know,rico love,0,0,0,0,,Rico Love
unconditionally,katy perry,0,1,0,0,,Katy Perry
waiting for superman,daughtry,0,0,0,0,,Daughtry
chocolate,the 1975,0,0,0,0,,The 1975
chillin' it,cole swindell,0,0,0,0,,Cole Swindell
rap god,eminem,0,0,0,0,,Eminem
love don't die,the fray,0,0,0,0,,The Fray
stay,florida georgia line,0,0,0,0,,Florida Georgia Line
everything is awesome,tegan and sara featuring the lonely island,0,0,0,0,,Tegan and Sara
the heart of dixie,danielle bradbery,0,0,0,0,,Danielle Bradbery
friday night,eric paslay,0,0,0,0,,Eric Paslay
collard greens,schoolboy q featuring kendrick lamar,0,0,0,0,,ScHoolboy Q
do what u want,lady gaga featuring r. kelly,0,0,0,0,,Lady Gaga
safe and sound,capital cities,0,0,0,0,,Capital Cities
sweater weather,the neighbourhood,0,0,0,0,,The Neighbourhood
whatever she's got,david nail,0,0,0,0,,David Nail
23,"mike will made-it featuring miley cyrus, wiz khalifa and juicy j",1,0,0,0,,Genius Azərbaycan Tərcümə
xo,beyonce,1,0,0,0,,Beyoncé
worst behavior,drake,0,0,0,0,,Drake
thinking about you,calvin harris featuring ayah marar,0,0,0,0,,Calvin Harris
stay the night,zedd featuring hayley williams,0,0,0,0,,Stay The Night
white walls,macklemore and ryan lewis featuring schoolboy q and hollis,0,0,0,0,,
it won't stop,sevyn streeter featuring chris brown,0,0,0,0,,Sevyn Streeter
achy breaky 2,buck 22 featuring billy ray cyrus,0,0,0,0,,BUCK 22
you're mine,mariah carey,0,0,0,0,,Mariah Carey
explosions,ellie goulding,0,0,0,0,,Ellie Goulding
all me,drake featuring 2 chainz and big sean,0,0,0,0,,
confident,justin bieber featuring chance the rapper,0,1,0,0,,Justin Bieber
midnight memories,one direction,0,0,0,0,,One Direction
sweet annie,zac brown band,0,0,0,0,,Zac Brown Band
she knows,j. cole featuring amber coffman and the cults,0,0,0,0,,
up all night,jon pardi,0,0,0,0,,Jon Pardi
follow your arrow,kacey musgraves,0,0,0,0,,Kacey Musgraves
m a a d city,kendrick lamar featuring mc eiht,0,0,0,0,,
a man who was gonna die young,eric church,0,0,0,0,,Eric Church
don't let me be lonely,the band perry,0,0,0,0,,The Band Perry
el perdedor,enrique iglesias featuring marco antonio solis,1,0,0,0,,Enrique Iglesias
we were us,keith urban and miranda lambert,0,0,0,0,,Keith Urban
carolina,parmalee,0,0,0,0,,Parmalee
radio,darius rucker,0,0,0,0,,Darius Rucker
marry me,jason derulo,0,0,0,0,,Jason Derulo
love more,chris brown featuring nicki minaj,0,0,0,0,,Chris Brown
applause,lady gaga,0,0,0,0,,Lady Gaga
wasting all these tears,cassadee pope,0,0,0,0,,Cassadee Pope
drunk last night,eli young band,0,0,0,0,,Eli Young Band
i luv this sh t,august alsina featuring trinidad james,0,0,0,0,,
how i feel,flo rida,0,0,0,0,,Flo Rida
alone together,fall out boy,0,0,0,0,,Fall Out Boy
all that matters,justin bieber,0,0,0,0,,Justin Bieber
holy grail,jay z featuring justin timberlake,0,0,0,0,,Holy Grail
replay,zendaya,0,0,0,0,,Zendaya
gas pedal,sage the gemini featuring iamsu!,0,0,0,0,,Sage The Gemini
survival,eminem,0,0,0,0,,Eminem
berzerk,eminem,0,0,0,0,,Eminem
you sound good to me,lucy hale,0,0,0,0,,Lucy Hale
tko,justin timberlake,0,0,0,0,,Justin Timberlake
sunny and 75,joe nichols,0,0,0,0,,Joe Nichols
that's my kind of night,luke bryan,0,0,0,0,,Luke Bryan
the fox,ylvis,0,0,0,0,,
work b ch,britney spears,0,0,0,0,,Britney Spears
perfume,britney spears,0,0,0,0,,Britney Spears
bounce it,juicy j featuring wale and trey songz,0,0,0,0,,
everybody's got somebody but me,hunter hayes featuring jason mraz,0,0,0,0,,Hunter Hayes
old school love,lupe fiasco featuring ed sheeran,0,0,0,0,,Lupe Fiasco
honest,future,0,0,0,0,,Future
headband,b.o.b featuring 2 chainz,0,0,0,0,,
best song ever,one direction,0,0,0,0,,One Direction
mine,beyonce featuring drake,1,0,0,0,,Beyoncé
heart attack,enrique iglesias,0,0,0,0,,Enrique Iglesias
gorilla,bruno mars,0,0,0,0,,Bruno Mars
lolly,maejor ali featuring juicy j and justin bieber,0,0,0,0,,
bound 2,kanye west,0,0,0,0,,Kanye West
who you love,john mayer featuring katy perry,0,0,0,0,,John Mayer
i have nothing,tessanne chin,0,0,0,0,,Tessanne Chin
little drummer boy,pentatonix,0,0,0,0,,Pentatonix
slow down,selena gomez,0,0,0,0,,Selena Gomez
let it be,tessanne chin and adam levine,0,0,0,0,,
summertime sadness,lana del rey and cedric gervais,0,0,0,0,,Lana Del Rey
saturday,rebecca black and dave days,0,0,0,0,,Rebecca Black
bridge over troubled water,tessanne chin,0,0,0,0,,Tessanne Chin
mine would be you,blake shelton,0,0,0,0,,Blake Shelton
cannonball,lea michele,0,0,0,0,,Lea Michele
angel,jacquie lee,0,0,0,0,,
my story,r. kelly featuring 2 chainz,0,0,0,0,,R. Kelly
what now,rihanna,0,0,0,0,,Rihanna
pound cake paris morton music 2,drake featuring jay-z,0,0,0,0,,Drake
right there,ariana grande featuring big sean,0,0,0,0,,Ariana Grande
change me,justin bieber,0,0,0,0,,Justin Bieber
beware,big sean featuring lil wayne and jhene aiko,0,0,0,0,,
southern girl,tim mcgraw,0,0,0,0,,Tim McGraw
i crawl,childish gambino,0,0,0,0,,Childish Gambino
the outsiders,eric church,0,0,0,0,,Eric Church
all the way home,tamar braxton,0,0,0,0,,Tamar Braxton
days of gold,jake owen,0,0,0,0,,Jake Owen
we can't stop,miley cyrus,0,0,0,0,,Miley Cyrus
roller coaster,justin bieber,0,0,0,0,,Justin Bieber
mirrors,justin timberlake,0,0,0,0,,Justin Timberlake
red,taylor swift,0,0,0,0,,Taylor Swift
red nose,sage the gemini,0,0,0,0,,Sage The Gemini
type of way,rich homie quan,0,0,0,0,,Rich Homie Quan
at last,will champlin,0,0,0,0,,
aw naw,chris young,0,0,0,0,,Chris Young
diana,one direction,0,0,0,0,,One Direction
still into you,paramore,0,1,0,0,,Paramore
only time,enya,0,0,0,0,,Enya
pyd,justin bieber featuring r. kelly,0,0,0,0,,Justin Bieber
tom ford,jay-z,0,0,0,0,,JAY-Z
strong,one direction,0,0,0,0,,One Direction
hallelujah,matthew schuler,0,0,0,0,,Matthew schuler
last christmas,ariana grande,0,0,0,0,,Ariana Grande
rough water,travie mccoy featuring jason mraz,0,0,0,0,,Travie McCoy
livin' on a prayer,bon jovi,0,0,0,0,,Bon Jovi
all bad,justin bieber,0,0,0,0,,Justin Bieber
everything has changed,taylor swift featuring ed sheeran,0,0,0,0,,Taylor Swift
dope,lady gaga,0,0,0,0,,Lady Gaga
night train,jason aldean,0,0,0,0,,Jason Aldean
darte un beso,prince royce,0,0,0,0,,Prince Royce
propuesta indecente,romeo santos,0,0,0,0,,Romeo Santos
it goes like this,thomas rhett,0,0,0,0,,Thomas Rhett
get me bodied,beyonce,1,0,0,0,,Beyoncé
bad day,justin bieber,0,0,0,0,,Justin Bieber
a case of you,james wolpert,0,0,0,0,,James Wolpert
all kinds of kinds,miranda lambert,0,0,0,0,,Miranda Lambert
give it 2 u,robin thicke featuring kendrick lamar,0,0,0,0,,Robin Thicke
parking lot party,lee brice,0,0,0,0,,Lee Brice
beautiful pain,eminem featuring sia,0,0,0,0,,
let me go,avril lavigne featuring chad kroeger,0,0,0,0,,Avril Lavigne
venus,lady gaga,0,0,0,0,,Lady Gaga
recovery,justin bieber,0,0,0,0,,Justin Bieber
clarity,zedd featuring foxes,0,0,0,0,,
crooked smile,j. cole featuring tlc,0,0,0,0,,J. Cole
get lucky,daft punk featuring pharrell williams,0,0,0,0,,
can't hold us,macklemore and ryan lewis featuring ray dalton,0,0,0,0,,Can’t Hold Us
true love,p!nk featuring lily allen,0,0,0,0,,
v s o p,k. michelle,0,0,0,0,,
closer,tegan and sara,0,0,0,0,,Tegan and Sara
hold tight,justin bieber,0,0,0,0,,Justin Bieber
sweeter than fiction,taylor swift,0,0,0,0,,Taylor Swift
cups,anna kendrick,0,0,0,0,,Anna Kendrick
wait for a minute,tyga and justin bieber,0,0,0,0,,Tyga
best i ever had,gavin degraw,0,0,0,0,,Gavin DeGraw
round here,florida georgia line,0,0,0,0,,Florida Georgia Line
miss movin' on,fifth harmony,0,0,0,0,,Fifth Harmony
chinese food,alison gold,0,0,0,0,,Alison Gold
treasure,bruno mars,0,0,0,0,,Bruno Mars
just give me a reason,p!nk featuring nate ruess,0,0,0,0,,P!nk
heartbreaker,justin bieber,0,0,0,0,,Justin Bieber
hey girl,billy currington,0,0,0,0,,Billy Currington
love somebody,maroon 5,0,0,0,0,,Maroon 5
cruise,florida georgia line featuring nelly,0,0,0,0,,Florida Georgia Line
redneck crazy,tyler farr,0,0,0,0,,Tyler Farr
sirens,pearl jam,0,0,0,0,,Pearl Jam
make you feel my love,glee cast,0,0,0,0,,Glee Cast
drive,miley cyrus,0,0,0,0,,Miley Cyrus
someone else,miley cyrus,0,0,0,0,,Miley Cyrus
outta my head,craig campbell,0,0,0,0,,Craig Campbell
loco,enrique iglesias featuring romeo santos,0,0,0,0,,Enrique Iglesias
gone,kanye west featuring cam'ron and consequence,0,0,0,0,,
walking on air,katy perry,0,0,0,0,,Katy Perry
same love,macklemore and ryan lewis featuring mary lambert,0,0,0,0,,
i need your love,calvin harris featuring ellie goulding,0,0,0,0,,Calvin Harris
take back the night,justin timberlake,0,0,0,0,,Justin Timberlake
point at you,justin moore,0,0,0,0,,Justin Moore
furthest thing,drake,0,0,0,0,,Drake
from time,drake featuring jhene aiko,0,0,0,0,,
little bit of everything,keith urban,0,0,0,0,,Keith Urban
don't ya,brett eldredge,0,0,0,0,,Brett Eldredge
bruises,train featuring ashley monroe,0,0,0,0,,
gone gone gone,phillip phillips,0,0,0,0,,Phillip Phillips
wu-tang forever,drake,0,0,0,0,,Drake
too much,drake,0,0,0,0,,Drake
own it,drake,0,0,0,0,,Drake
tuscan leather,drake,0,0,0,0,,Drake
young and beautiful,lana del rey,0,0,0,0,,Lana Del Rey
come thru,drake,0,0,0,0,,Drake
feds watching,2 chainz featuring pharrell,0,0,0,0,,2 Chainz
american girl,bonnie mckee,0,0,0,0,,Bonnie McKee
the way,ariana grande featuring mac miller,0,0,0,0,,Ariana Grande
a light that never comes,linkin park x steve aoki,0,0,0,0,,
runnin' outta moonlight,randy houser,0,0,0,0,,Randy Houser
all over the road,easton corbin,0,0,0,0,,Easton Corbin
monster,imagine dragons,0,0,0,0,,Imagine Dragons
you make me,avicii,0,0,0,0,,Avicii
could it be,charlie worsham,0,0,0,0,,Charlie Worsham
this is what it feels like,armin van buuren featuring trevor guthrie,0,0,0,0,,Armin van Buuren
tapout,"rich gang featuring lil wayne, birdman, future, mack maine, nicki minaj",0,0,0,0,,
stay,rihanna featuring mikky ekko,0,0,0,0,,
baby i,ariana grande,0,0,0,0,,Ariana Grande
atlas,coldplay,0,0,0,0,,Coldplay
easy,sheryl crow,0,0,0,0,,Sheryl Crow
see you again,carrie underwood,0,0,0,0,,Carrie Underwood
don't drop that thun thun,the finatticz,0,0,0,0,,Finatticz
wop,j. dash,0,0,0,0,,J. Dash
beneath your beautiful,labrinth featuring emeli sande,1,0,0,0,,Emeli Sandé
i do it,2 chainz featuring drake and lil wayne,0,0,0,0,,
popular song,mika featuring ariana grande,0,0,0,0,,
ain't worried about nothin,french montana,0,0,0,0,,French Montana
reflektor,arcade fire,0,0,0,0,,Arcade Fire
vivir mi vida,marc anthony,0,0,0,0,,Marc Anthony
come and get it,selena gomez,0,0,0,0,,
thrift shop,macklemore and ryan lewis featuring wanz,0,0,0,0,,
the other side,jason derulo,0,0,0,0,,Jason Derulo
body party,ciara,0,0,0,0,,Ciara
turn the night up,enrique iglesias,0,0,0,0,,Enrique Iglesias
almost is never enough,ariana grande and nathan sykes,0,0,0,0,,Ariana Grande
goodbye town,lady antebellum,0,0,0,0,,Lady A
when i see this bar,kenny chesney,0,0,0,0,,Kenny Chesney
f ckwithmeyouknowigotit,jay z featuring rick ross,0,0,0,0,,
versace,migos,0,0,0,0,,Migos
act right,yo gotti featuring jeezy and yg,0,0,0,0,,Yo Gotti
oh sweet lorraine,green shoe studio featuring jacob colgan and fred stobaugh,0,0,0,0,,
power trip,j. cole featuring miguel,0,0,0,0,,
crash my party,luke bryan,0,0,0,0,,Luke Bryan
how many drinks,miguel,0,0,0,0,,Miguel
hail to the king,avenged sevenfold,0,0,0,0,,Avenged Sevenfold
blood on the leaves,kanye west,0,0,0,0,,Kanye West
rock n roll,avril lavigne,0,0,0,0,,Avril Lavigne
acapella,karmin,0,0,0,0,,Karmin
no new friends,"dj khaled featuring drake, rick ross and lil wayne",0,0,0,0,,No New Friends
i want crazy,hunter hayes,0,0,0,0,,Hunter Hayes
u o e n o,rocko featuring future and rick ross,0,0,0,0,,
wildfire,john mayer,0,0,0,0,,John Mayer
beautiful,mariah carey featuring miguel,0,0,0,0,,Mariah Carey
helluva night,ludacris,0,0,0,0,,Ludacris
crazy kids,ke$ha featuring will.i.am or juicy j,0,0,0,0,,
lovehate thing,wale featuring sam dew,0,0,0,0,,Wale
beat it,sean kingston featuring chris brown and wiz khalifa,0,0,0,0,,
boys 'round here,blake shelton featuring pistol annies and friends,0,0,0,0,,
when i was your man,bruno mars,0,0,0,0,,Bruno Mars
i love it,icona pop featuring charli xcx,0,1,0,0,,Icona Pop
this is gospel,panic! at the disco,0,0,0,0,,Panic! at the Disco
right now,rihanna featuring david guetta,0,0,0,0,,
we own the night,the wanted,0,0,0,0,,The Wanted
your side of the bed,little big town,0,0,0,0,,Little Big Town
without me,fantasia featuring kelly rowland and missy elliott,0,0,0,0,,
bad,wale featuring tiara thomas or rihanna,0,0,0,0,,
ho hey,the lumineers,0,0,0,0,,​The Lumineers
bubble butt,"major lazer featuring bruno mars, tyga and mystic",0,0,0,0,,
hopeless wanderer,mumford and sons,0,0,0,0,,Mumford & Sons
made in the usa,demi lovato,0,0,0,0,,Demi Lovato
what about love,austin mahone,0,0,0,0,,Austin Mahone
chloe,emblem3,0,0,0,0,,Emblem3
cruisin' for a bruisin',"ross lynch, grace phipps and jason evigan",0,1,0,0,,Ross Lynch
my songs know what you did in the dark,fall out boy,0,0,0,0,,Fall Out Boy
wagon wheel,darius rucker,0,0,0,0,,Darius Rucker
hey pretty girl,kip moore,0,0,0,0,,Kip Moore
rich as f k,lil wayne featuring 2 chainz,0,0,0,0,,2 Chainz
anywhere with you,jake owen,0,0,0,0,,Jake Owen
jump right in,zac brown band,0,0,0,0,,Zac Brown Band
i'm out,ciara featuring nicki minaj,0,0,0,0,,
done,the band perry,0,0,0,0,,The Band Perry
play hard,david guetta featuring ne-yo and akon,0,0,0,0,,David Guetta
beat this summer,brad paisley,0,0,0,0,,Brad Paisley
miss jackson,panic! at the disco featuring lolo,0,0,0,0,,Panic! at the Disco
ooh la la,britney spears,0,0,0,0,,Britney Spears
people like us,kelly clarkson,0,0,0,0,,Kelly Clarkson
here's to never growing up,avril lavigne,0,0,0,0,,Avril Lavigne
gentleman,psy,0,0,0,0,,PSY
fine china,chris brown,0,0,0,0,,Chris Brown
bitch don't kill my vibe,kendrick lamar,0,0,0,0,,Kendrick Lamar
highway don't care,tim mcgraw with taylor swift,0,0,0,0,,
heart attack,demi lovato,0,0,0,0,,Demi Lovato
22,taylor swift,0,0,0,0,,Taylor Swift
oceans,jay z featuring frank ocean,0,0,0,0,,
lego house,ed sheeran,0,0,0,0,,Ed Sheeran
picasso baby,jay-z,0,0,0,0,,JAY-Z
black skinhead,kanye west,0,0,0,0,,Kanye West
crown,jay-z,0,0,0,0,,JAY-Z
started from the bottom,drake,0,0,0,0,,Drake
feel this moment,pitbull featuring christina aguilera,0,0,0,0,,Pitbull
suit and tie,justin timberlake featuring jay z,0,0,0,0,,Justin Timberlake
next to me,emeli sande,1,0,0,0,,Emeli Sandé
more than miles,brantley gilbert,0,0,0,0,,Brantley Gilbert
don't think they know,chris brown featuring aaliyah,0,0,0,0,,Chris Brown
high school,nicki minaj featuring lil wayne,0,0,0,0,,Nicki Minaj
thatpower,will.i.am featuring justin bieber,0,0,0,0,,Rap Critic
we own it,2 chainz and wiz khalifa,0,0,0,0,,
live for the night,krewella,0,0,0,0,,Krewella
we still in this b,b.o.b featuring t.i. and juicy j,0,0,0,0,,B.o.B
harlem shake,baauer,0,0,0,0,,Baauer
bugatti,ace hood featuring future and rick ross,0,0,0,0,,
alive,krewella,0,0,0,0,,Krewella
new slaves,kanye west,0,0,0,0,,Kanye West
wild for the night,a$ap rocky featuring skrillex,0,0,0,0,,A$AP Rocky
i knew you were trouble,taylor swift,0,0,0,0,,Taylor Swift
born to fly,danielle bradbery,0,0,0,0,,Danielle Bradbery
paper doll,john mayer,0,0,0,0,,John Mayer
danny's song,the swon brothers,0,0,0,0,,The Swon Brothers
downtown,lady antebellum,0,0,0,0,,Lady A
why,michelle chamuel,0,0,0,0,,Michelle Chamuel
maybe it was memphis,danielle bradbery,0,0,0,0,,Danielle Bradbery
one,usher and michelle chamuel,0,0,0,0,,
i can't tell you why,the swon brothers,0,0,0,0,,The Swon Brothers
love me,lil wayne featuring drake and future,0,0,0,0,,Rap Critic
who i am,danielle bradbery,0,0,0,0,,Danielle Bradbery
live it up,jennifer lopez featuring pitbull,0,0,0,0,,Jennifer Lopez
like jesus does,eric church,0,0,0,0,,Eric Church
i got you,jack johnson,0,0,0,0,,Jack Johnson
turn the page,the swon brothers,0,0,0,0,,The Swon Brothers
please remember me,danielle bradbery,0,0,0,0,,Danielle Bradbery
sad,amber carrington,0,0,0,0,,Amber Carrington
loveeeeeee song,rihanna featuring future,0,0,0,0,,Rihanna
ready,fabolous featuring chris brown,0,0,0,0,,
locked out of heaven,bruno mars,0,0,0,0,,Bruno Mars
get your shine on,florida georgia line,0,0,0,0,,Florida Georgia Line
mama's broken heart,miranda lambert,0,0,0,0,,Miranda Lambert
i knew you were trouble,michelle chamuel,0,0,0,0,,Michelle Chamuel
levitate,hadouken!,0,0,0,0,,Hadouken!
love and war,tamar braxton,0,0,0,0,,Tamar Braxton
pirate flag,kenny chesney,0,0,0,0,,Kenny Chesney
molly,"tyga featuring cedric gervais, wiz khalifa and mally mall",0,0,0,0,,
can't shake you,gloriana,0,0,0,0,,Gloriana
work,a$ap ferg,0,0,0,0,,A$AP Ferg
troublemaker,olly murs featuring flo rida,0,0,0,0,,Olly Murs
wit me,t.i. featuring lil wayne,0,0,0,0,,
grandpa,danielle bradbery,0,0,0,0,,Danielle Bradbery
clouds,zach sobiech,0,0,0,0,,Zach Sobiech
wings,little mix,0,0,0,0,,Little Mix
kisses down low,kelly rowland,0,0,0,0,,Kelly Rowland
daylight,maroon 5,0,0,0,0,,Maroon 5
sure be cool if you did,blake shelton,0,0,0,0,,Blake Shelton
heads carolina tails california,danielle bradbery,0,0,0,0,,Danielle Bradbery
a little party never killed nobody,"fergie, q-tip and goonrock",0,0,0,0,,The gatsbiers
1994,jason aldean,0,0,0,0,,Jason Aldean
karate chop,future featuring lil wayne,0,0,0,0,,
give it all we got tonight,george strait,0,0,0,0,,George Strait
carry on,fun.,0,0,0,0,,fun.
pour it up,rihanna,0,0,0,0,,Rihanna
if i didn't have you,thompson square,0,0,0,0,,Thompson Square
i am beautiful,candice glover,0,0,0,0,,Candice Glover
i drive your truck,lee brice,0,0,0,0,,Lee Brice
scream and shout,will.i.am and britney spears,0,0,0,0,,will.i.am
sweet nothing,calvin harris featuring florence welch,0,0,0,0,,Calvin Harris
battle scars,lupe fiasco and guy sebastian,0,0,0,0,,Lupe Fiasco
tonight i'm getting over you,carly rae jepsen featuring nicki minaj,0,0,0,0,,Carly Rae Jepsen
r i p,young jeezy featuring 2 chainz,0,0,0,0,,
f kin problems,"a$ap rocky featuring drake, 2 chainz and kendrick lamar",0,0,0,0,,
don't you worry child,swedish house mafia featuring john martin,0,0,0,0,,Swedish House Mafia
i will wait,mumford and sons,0,0,0,0,,Mumford & Sons
i hit it first,ray j featuring bobby brackins,0,0,0,0,,Ray J
sexy people,arianna featuring pitbull,0,0,0,0,,
memories back then,"hustle gang featuring t.i., b.o.b, kendrick lamar and kris stephens",0,0,0,0,,
freaks,french montana featuring nicki minaj,0,0,0,0,,French Montana
it's time,imagine dragons,0,0,0,0,,Imagine Dragons
i can take it from there,chris young,0,0,0,0,,Chris Young
all gold everything,trinidad james,0,0,0,0,,Trinidad James
two black cadillacs,carrie underwood,0,0,0,0,,Carrie Underwood
all around the world,justin bieber featuring ludacris,0,0,0,0,,Justin Bieber
show out,juicy j featuring big sean and young jeezy,0,0,0,0,,
little talks,of monsters and men,0,0,0,0,,Of Monsters and Men
fall down,will.i.am featuring miley cyrus,0,0,0,0,,will.i.am
if i lose myself,onerepublic,0,0,0,0,,OneRepublic
neva end,future,0,0,0,0,,Future
accidental racist,brad paisley featuring ll cool j,0,0,0,0,,Brad Paisley
don't rush,kelly clarkson featuring vince gill,0,0,0,0,,Kelly Clarkson
one of those nights,tim mcgraw,0,0,0,0,,Tim McGraw
just keep breathing,we the kings,0,0,0,0,,We the Kings
changed,rascal flatts,0,0,0,0,,Rascal Flatts
kiss you,one direction,0,0,0,0,,One Direction
catch my breath,kelly clarkson,0,0,0,0,,Kelly Clarkson
madness,muse,0,0,0,0,,Muse
poetic justice,kendrick lamar featuring drake,0,0,0,0,,
try,p!nk,0,0,0,0,,P!nk
gangnam style,psy,0,0,0,0,,PSY
one more night,maroon 5,0,0,0,0,,Maroon 5
pom poms,jonas brothers,0,0,0,0,,Jonas Brothers
somebody's heartbreak,hunter hayes,0,0,0,0,,Hunter Hayes
c'mon,ke$ha,0,0,0,0,,
whiskey,jana kramer,0,0,0,0,,Jana Kramer
one way or another,one direction,0,0,0,0,,One Direction
girl on fire,alicia keys featuring nicki minaj,0,0,0,0,,
home,phillip phillips,0,0,0,0,,Phillip Phillips
i'm different,2 chainz,0,0,0,0,,2 Chainz
the phoenix,fall out boy,0,0,0,0,,Fall Out Boy
pusher love girl,justin timberlake,0,0,0,0,,Justin Timberlake
dope,tyga featuring rick ross,0,0,0,0,,
beauty and a beat,justin bieber featuring nicki minaj,0,0,0,0,,Justin Bieber
diamonds,rihanna,0,0,0,0,,Rihanna
merry go 'round,kacey musgraves,0,0,0,0,,Kacey Musgraves
tornado,little big town,0,0,0,0,,Little Big Town
who booty,jonn hart featuring iamsu!,0,0,0,0,,Jonn Hart
stubborn love,the lumineers,0,0,0,0,,​The Lumineers
the only way i know,jason aldean with luke bryan and eric church,0,0,0,0,,Jason Aldean
adorn,miguel,0,0,0,0,,Miguel
some nights,fun.,0,0,0,0,,fun.
hall of fame,the script featuring will.i.am,0,0,0,0,,The Script
better dig two,the band perry,0,0,0,0,,The Band Perry
wicked games,the weeknd,0,0,0,0,,The Weeknd
hey porsche,nelly,0,0,0,0,,Nelly
don't judge me,chris brown,0,0,0,0,,Chris Brown
so many girls,"dj drama featuring wale, tyga and roscoe dash",0,0,0,0,,
gold,britt nicole,0,0,0,0,,Britt Nicole
love sosa,chief keef,0,0,0,0,,Chief Keef
buzzkill,luke bryan,0,0,0,0,,Luke Bryan
little things,one direction,0,0,0,0,,One Direction
wanted,hunter hayes,0,0,0,0,,Hunter Hayes
tip it on back,dierks bentley,0,0,0,0,,Dierks Bentley
remember you,wiz khalifa featuring the weeknd,0,0,0,0,,Wiz Khalifa
as your friend,afrojack featuring chris brown,0,0,0,0,,AFROJACK
skyfall,adele,0,0,0,0,,Adele
swimming pools,kendrick lamar,0,0,0,0,,Kendrick Lamar
don't stop the party,pitbull featuring tjr,0,0,0,0,,Pitbull
ball,t.i. featuring lil wayne,0,0,0,0,,
it's a beautiful day,michael buble,1,0,0,0,,Michael Bublé
va va voom,nicki minaj,0,0,0,0,,Nicki Minaj
guap,big sean,0,0,0,0,,Big Sean
the a team,ed sheeran,0,0,0,0,,Ed Sheeran
die young,ke$ha,0,0,0,0,,Kesha
hold on,alabama shakes,0,0,0,0,,Alabama Shakes
anything could happen,ellie goulding,0,0,0,0,,Ellie Goulding
goodbye in her eyes,zac brown band,0,0,0,0,,Zac Brown Band
somebody that i used to know,gotye featuring kimbra,0,0,0,0,,Gotye
i cry,flo rida,0,0,0,0,,Flo Rida
every storm,gary allan,0,0,0,0,,Gary Allan
begin again,taylor swift,0,0,0,0,,Taylor Swift
how country feels,randy houser,0,0,0,0,,Randy Houser
southern comfort zone,brad paisley,0,0,0,0,,Brad Paisley
she don't put it down,joe budden featuring lil wayne and tank,0,0,0,0,,Joe Budden
crying on a suitcase,casey james,0,0,0,0,,Casey James
let me love you,ne-yo,0,0,0,0,,Ne-Yo
nothing like us,justin bieber,0,0,0,0,,Justin Bieber
let there be cowgirls,chris cagle,0,0,0,0,,Chris Cagle
clique,"kanye west, jay-z, big sean",0,0,0,0,,
call me maybe,carly rae jepsen,0,0,0,0,,Carly Rae Jepsen
no worries,lil wayne featuring detail,0,0,0,0,,Lil Wayne
yolo,the lonely island featuring adam levine and kendrick lamar,0,0,0,0,,
take a walk,passion pit,0,0,0,0,,Passion Pit
let me love you,glee cast,0,0,0,0,,Glee Cast
beer money,kip moore,0,0,0,0,,Kip Moore
riff off mickey like a virgin hit me with your best shot,"the barden bellas, the treblemakers and the bu harmonics",0,0,0,0,,
bellas finals price tag don't you,the barden bellas,0,0,0,0,,
as long as you love me,justin bieber,0,0,0,0,,Justin Bieber
too close,alex clare,0,0,0,0,,Alex Clare
bandz a make her dance,juicy j featuring lil wayne and 2 chainz,0,0,0,0,,Grandimez
rest of my life,ludacris featuring usher and david guetta,0,0,0,0,,
bad ass,kid ink featuring meek mill and wale,0,0,0,0,,
til my last day,justin moore,0,0,0,0,,Justin Moore
celebration,"game featuring chris brown, tyga, wiz khalifa and lil wayne",0,0,0,0,,
we are never ever getting back together,taylor swift,0,0,0,0,,Taylor Swift
thinkin bout you,frank ocean,0,0,0,0,,Frank Ocean
lights,ellie goulding,0,0,0,0,,Ellie Goulding
long live a ap,a$ap rocky,0,0,0,0,,
live while we're young,one direction,0,0,0,0,,One Direction
diced pineapples,rick ross featuring wale and drake,0,0,0,0,,Rick Ross
between the raindrops,lifehouse featuring natasha bedingfield,0,0,0,0,,Lifehouse
feel again,onerepublic,0,0,0,0,,OneRepublic
the moment i knew,taylor swift,0,0,0,0,,Taylor Swift
i dreamed a dream,anne hathaway,0,0,0,0,,Anne Hathaway
ready or not,bridgit mendler,0,0,0,0,,Bridgit Mendler
as long as you love me,justin bieber featuring big sean,0,0,0,0,,Justin Bieber
blow me,p!nk,0,0,0,0,,P!nk
don't wake me up,chris brown,0,0,0,0,,Chris Brown
kiss tomorrow goodbye,luke bryan,0,0,0,0,,Luke Bryan
creepin',eric church,0,0,0,0,,Eric Church
el cerrito place,kenny chesney,0,0,0,0,,Kenny Chesney
young and gettin' it,meek mill featuring kirko bangz,0,0,0,0,,Meek Mill
did it for the girl,greg bates,0,0,0,0,,Greg Bates
on my own,samantha barks,0,0,0,0,,Samantha Barks
ice,kelly rowland featuring lil wayne,0,0,0,0,,
oath,cher lloyd featuring becky g,0,0,0,0,,Cher Lloyd
king wizard,kid cudi,0,0,0,0,,Kid Cudi
rock me,one direction,0,0,0,0,,One Direction
my moment,"dj drama featuring 2 chainz, meek mill and jeremih",0,0,0,0,,
birthday song,2 chainz featuring kanye west,0,0,0,0,,2 Chainz
cry,cassadee pope,0,0,0,0,,Cassadee Pope
over you,cassadee pope,0,0,0,0,,Cassadee Pope
turn on the lights,future,0,0,0,0,,Future
the one that got away,jake owen,0,0,0,0,,Jake Owen
representin',ludacris featuring kelly rowland,0,0,0,0,,Ludacris
stupid boy,cassadee pope,0,0,0,0,,Cassadee Pope
let it be,terry mcdermott,0,0,0,0,,Terry McDermott
dance for you,beyonce,1,0,0,0,,Beyoncé
my life,50 cent featuring eminem and adam levine,0,0,0,0,,
finally found you,enrique iglesias featuring sammy adams,0,0,0,0,,Enrique Iglesias
everybody talks,neon trees,0,0,0,0,,Neon Trees
good time,owl city and carly rae jepsen,0,0,0,0,,Carly Rae Jepsen
pop that,"french montana featuring rick ross, drake, lil wayne",0,0,0,0,,
i want to know what love is,terry mcdermott,0,0,0,0,,Terry McDermott
let it go,wiz khalifa featuring akon,0,0,0,0,,Wiz Khalifa
come wake me up,rascal flatts,0,0,0,0,,Rascal Flatts
somewhere over the rainbow,nicholas david,0,0,0,0,,
whistle,flo rida,0,0,0,0,,Flo Rida
blown away,carrie underwood,0,0,0,0,,Carrie Underwood
fastest girl in town,miranda lambert,0,0,0,0,,Miranda Lambert
take a little ride,jason aldean,0,0,0,0,,Jason Aldean
too close,melanie martinez,0,0,0,0,,Melanie Martinez
are you happy now,cassadee pope,0,0,0,0,,Cassadee Pope
a thousand years,christina perri featuring steve kazee,0,0,0,0,,Christina Perri
50 ways to say goodbye,train,0,0,0,0,,Train
titanium,david guetta featuring sia,0,0,0,0,,Ayu Brazil
just a fool,christina aguilera with blake shelton,0,0,0,0,,
seven nation army,melanie martinez,0,0,0,0,,Melanie Martinez
pound the alarm,nicki minaj,0,0,0,0,6.0,186364.0
i found you,the wanted,0,0,0,0,1.0,8161.0
stars,grace potter and the nocturnals,0,0,0,0,5.0,27655.0
stars,amanda brown,0,0,0,0,0.0,
hard to love,lee brice,0,0,0,0,0.0,42423.0
payphone,maroon 5 featuring wiz khalifa,0,0,0,0,1.0,5293.0
wide awake,katy perry,0,0,0,0,11.0,710254.0
2 reasons,trey songz featuring t.i.,0,0,0,0,0.0,48129.0
your body,christina aguilera,0,0,0,0,5.0,34350.0
put it down,brandy featuring chris brown,0,0,0,0,9.0,46555.0
lovin' you is fun,easton corbin,0,0,0,0,0.0,
dive in,trey songz,0,0,0,0,3.0,103110.0
mercy,"kanye west, big sean, pusha t, 2 chainz",0,0,0,0,,
give your heart a break,demi lovato,0,0,0,0,4.0,215013.0
i can only imagine,david guetta featuring chris brown and lil wayne,0,0,0,0,0.0,
i won't give up,jason mraz,0,0,0,0,5.0,859714.0
no lie,2 chainz featuring drake,0,0,0,0,,
numb,usher,0,0,0,0,1.0,24947.0
i almost do,taylor swift,0,0,0,0,8.0,211053.0
want u back,cher lloyd,0,0,0,0,2.0,128184.0
all too well,taylor swift,0,0,0,0,23.0,1585402.0
stay stay stay,taylor swift,0,0,0,0,8.0,152085.0
fade into you,sam palladio and clare bowen,0,0,0,0,0.0,
babel,mumford and sons,0,0,0,0,13.0,84039.0
state of grace,taylor swift,0,0,0,0,16.0,420557.0
pontoon,little big town,0,0,0,0,7.0,241149.0
truck yeah,tim mcgraw,0,0,0,0,3.0,
she's so mean,matchbox twenty,0,0,0,0,16.0,23161.0
hello,karmin,0,0,0,0,5.0,24155.0
amen,meek mill featuring drake,0,0,0,0,13.0,936028.0
whispers in the dark,mumford and sons,0,0,0,0,7.0,24112.0
cowboys and angels,dustin lynch,0,0,0,0,4.0,16732.0
where have you been,rihanna,0,0,0,0,2.0,172325.0
shinin' on me,jerrod niemann,0,0,0,0,1.0,
holland road,mumford and sons,0,0,0,0,8.0,25896.0
just what i am,kid cudi featuring king chip,0,0,0,0,23.0,1310601.0
over,blake shelton,0,0,0,0,3.0,
ghosts that we knew,mumford and sons,0,0,0,0,10.0,62198.0
what makes you beautiful,one direction,0,0,0,0,7.0,2988353.0
we are young,fun. featuring janelle monae,0,0,0,0,,
lemme see,usher featuring rick ross,0,0,0,0,3.0,122312.0
the scientist,glee cast,0,0,0,0,1.0,19273.0
lover's eyes,mumford and sons,0,0,0,0,12.0,40450.0
lover of the light,mumford and sons,0,0,0,0,14.0,52131.0
heart attack,trey songz,0,0,0,0,3.0,213358.0
why ya wanna,jana kramer,0,0,0,0,7.0,5965.0
come over,kenny chesney,0,0,0,0,2.0,29241.0
angel eyes,love and theft,0,0,0,0,3.0,14935.0
dark side,kelly clarkson,0,0,0,0,1.0,18464.0
enough of no love,keyshia cole featuring lil wayne,0,0,0,0,5.0,97144.0
i don't like,chief keef featuring lil reese,0,0,0,0,16.0,1818423.0
tonight,john legend featuring ludacris,0,0,0,0,,
for you,keith urban,0,0,0,0,4.0,15476.0
to the world,"kanye west, r. kelly",0,0,0,0,23.0,366475.0
glad you came,the wanted,0,0,0,0,8.0,187385.0
let's go,calvin harris featuring ne-yo,0,0,0,0,1.0,32628.0
burn it down,linkin park,0,0,0,0,2.0,210242.0
beautiful,carly rae jepsen featuring justin bieber,0,0,0,0,3.0,18387.0
5-1-5-0,dierks bentley,0,0,0,0,2.0,19826.0
bag of money,"wale featuring rick ross, meek mill and t-pain",0,0,0,0,,
heart skips a beat,olly murs featuring chiddy bang,0,0,0,0,1.0,
nobody's perfect,j. cole featuring missy elliott,0,0,0,0,28.0,1109012.0
ronan,taylor swift,0,0,0,0,7.0,157997.0
drive by,train,0,0,0,0,15.0,176737.0
time is love,josh turner,0,0,0,0,0.0,
starships,nicki minaj,0,0,0,0,13.0,1048698.0
scream,usher,0,0,0,0,4.0,90814.0
this kiss,carly rae jepsen,0,0,0,0,1.0,19033.0
that's why i pray,big and rich,0,0,0,0,1.0,
it's time,glee cast,0,0,0,0,1.0,5715.0
oh love,green day,0,0,0,0,10.0,47049.0
work hard play hard,wiz khalifa,0,0,0,0,9.0,439849.0
wild ones,flo rida featuring sia,0,0,0,0,1.0,
tongue tied,grouplove,0,0,0,0,6.0,375093.0
settle down,no doubt,0,0,0,0,4.0,11545.0
both of us,b.o.b featuring taylor swift,0,0,0,0,,
the wind,zac brown band,0,0,0,0,0.0,5015.0
chasing the sun,the wanted,0,0,0,0,1.0,39910.0
promises,nero,0,0,0,0,2.0,20250.0
snap backs and tattoos,driicky graham,0,0,0,0,4.0,160926.0
stronger,kelly clarkson,0,0,0,0,2.0,457078.0
postcard from paris,the band perry,0,0,0,0,3.0,
my homies still,lil wayne featuring big sean,0,0,0,0,10.0,464768.0
wanted you more,lady antebellum,0,0,0,0,3.0,5296.0
we run the night,havana brown featuring pitbull,0,0,0,0,0.0,
cashin' out,ca$h out,0,0,0,0,10.0,544260.0
the fighter,gym class heroes featuring ryan tedder,0,0,0,0,1.0,
throw that,slaughterhouse featuring eminem,0,0,0,0,12.0,72894.0
i wish you would,dj khaled featuring kanye west and rick ross,0,0,0,0,,
good night,gloriana,0,0,0,0,4.0,9677.0
take it to the head,"dj khaled featuring chris brown, rick ross, nicki minaj and lil wayne",0,0,0,0,,
back in time,pitbull,0,0,0,0,23.0,35918.0
yuck,2 chainz featuring lil wayne,0,0,0,0,,
beez in the trap,nicki minaj featuring 2 chainz,0,0,0,0,15.0,2026746.0
lamborghini angels,lupe fiasco,0,0,0,0,35.0,293000.0
neon,chris young,0,0,0,0,1.0,7309.0
glass,thompson square,0,0,0,0,1.0,6380.0
drunk on you,luke bryan,0,0,0,0,8.0,52937.0
boyfriend,justin bieber,0,0,0,0,11.0,534539.0
one thing,one direction,0,0,0,0,5.0,288652.0
gold on the ceiling,the black keys,0,0,0,0,4.0,239763.0
feel so close,calvin harris,0,0,0,0,6.0,117902.0
brokenhearted,karmin,0,0,0,0,6.0,58891.0
new day,50 cent featuring dr. dre and alicia keys,0,0,0,0,,
dance again,jennifer lopez featuring pitbull,0,0,0,0,5.0,82473.0
crew love,drake featuring the weeknd,0,0,0,0,,
something to do with my hands,thomas rhett,0,0,0,0,1.0,
even if it breaks your heart,eli young band,0,0,0,0,4.0,14161.0
springsteen,eric church,0,0,0,0,10.0,131883.0
leave you alone,young jeezy featuring ne-yo,0,0,0,0,8.0,299336.0
beers ago,toby keith,0,0,0,0,4.0,5873.0
runaways,the killers,0,0,0,0,10.0,109220.0
new god flow,pusha t kanye west,0,0,0,0,81.0,1230517.0
go get it,t.i.,0,0,0,0,15.0,213281.0
hyfr,drake featuring lil wayne,0,0,0,0,,
bangarang,skrillex featuring sirah,0,0,0,0,7.0,145590.0
how we do,rita ora,0,0,0,0,1.0,20053.0
midnight city,m83.,0,0,0,0,7.0,210219.0
mercy,dave matthews band,0,0,0,0,6.0,6766.0
part of me,katy perry,0,0,0,0,9.0,154966.0
the motto,drake featuring lil wayne,0,0,0,0,37.0,3873951.0
get it started,pitbull featuring shakira,0,0,0,0,3.0,12485.0
right by my side,nicki minaj featuring chris brown,0,0,0,0,4.0,397832.0
up,loverance featuring iamsu and skipper or 50 cent,0,0,0,0,,
drank in my cup,kirko bangz,0,0,0,0,27.0,1551002.0
take care,drake featuring rihanna,0,0,0,0,,
party rock anthem,lmfao featuring lauren bennett and goonrock,0,0,0,0,,
climax,usher,0,0,0,0,9.0,847833.0
you don't know her like i do,brantley gilbert,0,0,0,0,3.0,11816.0
good girl,carrie underwood,0,0,0,0,1.0,27533.0
fly over states,jason aldean,0,0,0,0,18.0,17368.0
birthday cake,rihanna featuring chris brown,0,0,0,0,6.0,383962.0
ayy ladies,travis porter featuring tyga,0,0,0,0,10.0,207762.0
we found love,rihanna featuring calvin harris,0,0,0,0,4.0,470395.0
wipe your eyes,maroon 5,0,0,0,0,3.0,23056.0
lost in the echo,linkin park,0,0,0,0,10.0,178088.0
windows down,big time rush,0,0,0,0,1.0,36739.0
turn up the music,chris brown,0,0,0,0,2.0,51442.0
somethin' 'bout a truck,kip moore,0,0,0,0,2.0,18727.0
set fire to the rain,adele,0,0,0,0,8.0,2425204.0
no hurry,zac brown band,0,0,0,0,0.0,10996.0
right here,justin bieber featuring drake,0,0,0,0,5.0,239881.0
ai se eu te pego,michel telo,1,0,0,0,1.0,87706.0
so good,b.o.b,0,0,0,0,22.0,169160.0
rumour has it,adele,0,0,0,0,8.0,220079.0
faded,tyga featuring lil wayne,0,0,0,0,,
sexy and i know it,lmfao,0,0,0,0,11.0,361429.0
eyes open,taylor swift,0,0,0,0,7.0,62537.0
good feeling,flo rida,0,0,0,0,12.0,144842.0
get low,"waka flocka flame featuring nicki minaj, tyga and flo rida",0,0,0,0,,
die in your arms,justin bieber,0,0,0,0,2.0,70652.0
shadow days,john mayer,0,0,0,0,9.0,24526.0
fine by me,andy grammer,0,0,0,0,4.0,25701.0
same damn time,future,0,0,0,0,19.0,202018.0
banjo,rascal flatts,0,0,0,0,1.0,
turn me on,david guetta featuring nicki minaj,0,0,0,0,1.0,137808.0
better than i used to be,tim mcgraw,0,0,0,0,0.0,5029.0
over you,miranda lambert,0,0,0,0,7.0,36242.0
i'm all yours,jay sean featuring pitbull,0,0,0,0,3.0,7678.0
drink on it,blake shelton,0,0,0,0,0.0,
moves like jagger,maroon 5 featuring christina aguilera,0,0,0,0,,
around my way,lupe fiasco,0,0,0,0,59.0,364565.0
undefeated,jason derulo,0,0,0,0,0.0,
we've got tonight,phillip phillips,0,0,0,0,0.0,
got my country on,chris cagle,0,0,0,0,1.0,
young wild and free,snoop dogg and wiz khalifa featuring bruno mars,0,0,0,0,,
paradise,coldplay,0,0,0,0,12.0,599633.0
ass back home,gym class heroes featuring neon hitch,0,0,0,0,3.0,53680.0
feel like a rock star,kenny chesney and tim mcgraw,0,0,0,0,0.0,
dancin' away with my heart,lady antebellum,0,0,0,0,0.0,6982.0
this ole boy,craig morgan,0,0,0,0,3.0,
rack city,tyga,0,0,0,0,10.0,819588.0
99 problems,tony lucca,0,0,0,0,1.0,
turn to you,justin bieber,0,0,0,0,1.0,5787.0
yesterday,adam levine and tony lucca,0,0,0,0,1.0,
talk that talk,rihanna featuring jay-z,0,0,0,0,16.0,216902.0
i believe i can fly,jermaine paul,0,0,0,0,,
the prayer,christina aguilera and chris mann,0,0,0,0,1.0,
another round,fat joe featuring chris brown,0,0,0,0,10.0,111310.0
a woman like you,lee brice,0,0,0,0,15.0,11580.0
it's a man's man's man's world,juliet simms,0,0,0,0,,
shake it out,glee cast,0,0,0,0,1.0,15423.0
safe and sound,taylor swift featuring the civil wars,0,0,0,0,0.0,
scary monsters and nice sprites,skrillex,0,0,0,0,4.0,60608.0
domino,jessie j,0,0,0,0,6.0,349252.0
international love,pitbull featuring chris brown,0,0,0,0,11.0,288904.0
how will i know,glee cast,0,0,0,0,1.0,6655.0
strip,chris brown featuring kevin k-mac mccall,0,0,0,0,,
stay schemin,rick ross featuring drake and french montana,0,0,0,0,,
loud,mac miller,0,0,0,0,9.0,464179.0
it's not right but it's okay,glee cast,0,0,0,0,1.0,5973.0
magic,future featuring t.i.,0,0,0,0,,
alone with you,jake owen,0,0,0,0,1.0,19116.0
somebody that i used to know,glee cast,0,0,0,0,1.0,17982.0
way too cold,kanye west featuring dj khaled,0,0,0,0,,
sweet love,chris brown,0,0,0,0,2.0,77677.0
eyes wide open,gotye,0,0,0,0,15.0,43402.0
think like a man,jennifer hudson and ne-yo featuring rick ross,0,0,0,0,3.0,42673.0
ni as in paris,jay z kanye west,0,0,0,0,,
a thousand years,christina perri,0,0,0,0,9.0,2875459.0
it will rain,bruno mars,0,0,0,0,11.0,1799214.0
can't get enough,j. cole featuring trey songz,0,0,0,0,30.0,783966.0
roxanne,juliet simms,0,0,0,0,1.0,
sex ain't better than love,trey songz,0,0,0,0,1.0,31795.0
is anybody out there,k'naan featuring nelly furtado,0,0,0,0,18.0,27867.0
where i come from,montgomery gentry,0,0,0,0,0.0,13453.0
mirror,lil wayne featuring bruno mars,0,0,0,0,20.0,1679727.0
hungry like the wolf rio,glee cast,0,0,0,0,1.0,
you gonna fly,keith urban,0,0,0,0,0.0,
not over you,gavin degraw,0,0,0,0,1.0,93906.0
tonight is the night,outasight,0,0,0,0,1.0,38666.0
love this life,t.i.,0,0,0,0,4.0,42766.0
sorry for party rocking,lmfao,0,0,0,0,13.0,57926.0
princess of china,coldplay featuring rihanna,0,0,0,0,9.0,128456.0
bully,shinedown,0,0,0,0,6.0,18216.0
4 am,melanie fiona,0,0,0,0,5.0,183739.0
someone like you,adele,0,0,0,0,6.0,2371339.0
rolling in the deep,adele,0,0,0,0,22.0,4017740.0
love on top,beyonce,1,0,0,0,6.0,600312.0
i dont really care,waka flocka flame featuring trey songz,0,0,0,0,11.0,42800.0
levels,avicii,0,0,0,0,2.0,158046.0
she doesn't mind,sean paul,0,0,0,0,5.0,88279.0
do it like you,diggy featuring jeremih,0,0,0,0,8.0,41929.0
love's gonna make it alright,george strait,0,0,0,0,1.0,
give me all your luvin',madonna featuring nicki minaj and m.i.a.,0,0,0,0,8.0,69033.0
i do,young jeezy featuring jay-z and andre 3000,0,0,0,0,,
mr wrong,mary j. blige featuring drake,0,0,0,0,5.0,205069.0
naked,dev and enrique iglesias,0,0,0,0,,
ours,taylor swift,0,0,0,0,10.0,400572.0
the one that got away,katy perry,0,0,0,0,11.0,1046519.0
without you,david guetta featuring usher,0,0,0,0,,
home,dierks bentley,0,0,0,0,1.0,5383.0
come away to the water,maroon 5 featuring rozzi crane,0,0,0,0,4.0,6268.0
you da one,rihanna,0,0,0,0,2.0,202283.0
lonely boy,the black keys,0,0,0,0,4.0,337144.0
reality,kenny chesney,0,0,0,0,1.0,
ttylxox,bella thorne,0,0,0,0,9.0,131467.0
dance,big sean featuring nicki minaj,0,0,0,0,,
shake it out,florence + the machine,0,0,0,0,18.0,464824.0
gotta have it,jay z kanye west,0,0,0,0,,
blackout,breathe carolina,0,0,0,0,1.0,22721.0
don't stop,foster the people,0,0,0,0,0.0,
love you like a love song,selena gomez and the scene,0,0,0,0,0.0,
work out,j. cole,0,0,0,0,25.0,1354455.0
lotus flower bomb,wale featuring miguel,0,0,0,0,12.0,1226185.0
red solo cup,toby keith,0,0,0,0,12.0,51131.0
the trouble with girls,scotty mccreery,0,0,0,0,18.0,
cough syrup,young the giant,0,0,0,0,13.0,324410.0
live my life,far*east movement featuring justin bieber,0,0,0,0,1.0,
i don't want this night to end,luke bryan,0,0,0,0,2.0,24591.0
you,chris young,0,0,0,0,1.0,81074.0
roman reloaded,nicki minaj featuring lil wayne,0,0,0,0,25.0,257986.0
when i'm gone,wiz khalifa,0,0,0,0,10.0,141699.0
make it nasty,tyga,0,0,0,0,5.0,121902.0
thank you,estelle,0,0,0,0,1.0,15523.0
i will always love you,whitney houston,0,0,0,0,5.0,2725044.0
stereo hearts,gym class heroes featuring adam levine,0,0,0,0,6.0,813362.0
make me proud,drake featuring nicki minaj,0,0,0,0,13.0,945060.0
fly i believe i can fly,glee cast,0,0,0,0,1.0,9120.0
cough syrup,glee cast,0,0,0,0,3.0,21131.0
what doesn't kill you,glee cast,0,0,0,0,1.0,5622.0
here's to us,glee cast,0,0,0,0,1.0,10680.0
mutha up,tyga featuring nicki minaj,0,0,0,0,,
glad you came,glee cast,0,0,0,0,1.0,6086.0
i wanna dance with somebody,whitney houston,0,0,0,0,3.0,356609.0
greatest love of all,whitney houston,0,0,0,0,5.0,315678.0
i like it like that,hot chelle rae featuring new boyz,0,0,0,0,3.0,22644.0
just a kiss,lady antebellum,0,0,0,0,1.0,66334.0
how will i know,whitney houston,0,0,0,0,3.0,143715.0
runaway baby,bruno mars,0,0,0,0,8.0,161219.0
heartbeat,the fray,0,0,0,0,5.0,11539.0
i'm gonna love you through it,martina mcbride,0,0,0,0,1.0,6635.0
ima boss,"meek mill featuring t.i., birdman, lil wayne, dj khaled, rick ross and swizz beatz",0,0,0,0,,
stupid hoe,nicki minaj,0,0,0,0,23.0,648755.0
i will always love you,glee cast,0,0,0,0,1.0,
stereo hearts,glee cast,0,0,0,0,2.0,19212.0
no church in the wild,jay z kanye west featuring frank ocean,0,0,0,0,,
raise your weapon,deadmau5 featuring greta svabo bech,0,0,0,0,10.0,9601.0
all your life,the band perry,0,0,0,0,1.0,
mr know it all,kelly clarkson,0,0,0,0,1.0,19794.0
keep me in mind,zac brown band,0,0,0,0,10.0,10190.0
say aah,lindsey pavao,0,0,0,0,,
sexy and i know it,glee cast featuring ricky martin,0,0,0,0,1.0,
5 o'clock,t-pain featuring wiz khalifa and lily allen,0,0,0,0,,
strange clouds,b.o.b featuring lil wayne,0,0,0,0,1.0,
you the boss,rick ross featuring nicki minaj,0,0,0,0,6.0,99481.0
smooth criminal,glee cast featuring 2cellos,0,0,0,0,1.0,30689.0
round of applause,waka flocka flame featuring drake,0,0,0,0,7.0,135796.0
la isla bonita,glee cast featuring ricky martin,0,0,0,0,1.0,9670.0
snitches ain't,"yg featuring tyga, snoop dogg and nipsey hussle",0,0,0,0,,
brighter than the sun,colbie caillat,0,0,0,0,5.0,89439.0
give me everything,"pitbull featuring ne-yo, afrojack and nayer",0,0,0,0,,
drink in my hand,eric church,0,0,0,0,1.0,11807.0
human nature,glee cast,0,0,0,0,1.0,5463.0
black or white,glee cast,0,0,0,0,1.0,
wanna be startin' somethin',glee cast,0,0,0,0,1.0,
bad,glee cast,0,0,0,0,1.0,7474.0
t h e,will.i.am featuring mick jagger and jennifer lopez,0,0,0,0,,
tattoos on this town,jason aldean,0,0,0,0,2.0,5802.0
bait a hook,justin moore,0,0,0,0,4.0,15057.0
storm warning,hunter hayes,0,0,0,0,1.0,
party,beyonce featuring andre 3000,0,0,0,0,,
headlines,drake,0,0,0,0,23.0,2629303.0
you make me feel,cobra starship featuring sabi,0,0,0,0,1.0,96748.0
pumped up kicks,foster the people,0,0,0,0,10.0,3082422.0
let it rain,david nail featuring sarah buxton,0,0,0,0,1.0,
countdown,beyonce,1,0,0,0,25.0,639107.0
marry the night,lady gaga,0,0,0,0,14.0,153895.0
kyoto,skrillex featuring sirah,0,0,0,0,3.0,50212.0
camouflage,brad paisley,0,0,0,0,7.0,
without you,glee cast,0,0,0,0,1.0,13512.0
super bass,nicki minaj,0,0,0,0,16.0,3209303.0
we found love,glee cast,0,0,0,0,1.0,
moves like jagger jumpin' jack flash,glee cast,0,0,0,0,1.0,
the first time ever i saw your face,glee cast,0,0,0,0,1.0,
amen,edens edge,0,0,0,0,1.0,
summer nights,glee cast,0,0,0,0,1.0,7236.0
tattoo,van halen,0,0,0,0,1.0,
called out in the dark,snow patrol,0,0,0,0,3.0,21869.0
video games,lana del rey,0,0,0,0,14.0,1436377.0
the champ,nelly,0,0,0,0,4.0,
party on fifth ave,mac miller,0,0,0,0,7.0,95175.0
wish you were here,avril lavigne,0,0,0,0,2.0,112653.0
when we stand together,nickelback,0,0,0,0,5.0,43726.0
wild boy,mgk featuring waka flocka flame,0,0,0,0,,
crawling back to you,daughtry,0,0,0,0,1.0,11070.0
it girl,jason derulo,0,0,0,0,4.0,108507.0
she will,lil wayne featuring drake,0,0,0,0,5.0,1348438.0
fly,nicki minaj featuring rihanna,0,0,0,0,23.0,642366.0
set you free,3oh!3,0,0,0,0,1.0,
that way,wale featuring jeremih and rick ross,0,0,0,0,,
play the guitar,b.o.b featuring andre 3000,0,0,0,0,14.0,28362.0
god gave me you,blake shelton,0,0,0,0,11.0,29714.0
easy,rascal flatts featuring natasha bedingfield,0,0,0,0,,
mistletoe,justin bieber,0,0,0,0,7.0,658779.0
we owned the night,lady antebellum,0,0,0,0,4.0,
blunt blowin,lil wayne,0,0,0,0,32.0,998776.0
donald trump,mac miller,0,0,0,0,4.0,623724.0
wobble,v.i.c.,0,0,0,0,5.0,121136.0
first of the year,skrillex,0,0,0,0,3.0,53337.0
good good night,roscoe dash,0,0,0,0,1.0,
better than i know myself,adam lambert,0,0,0,0,2.0,10983.0
drummer boy,justin bieber featuring busta rhymes,0,0,0,0,4.0,99177.0
nothing,the script,0,0,0,0,8.0,73723.0
knock knock,mac miller,0,0,0,0,11.0,206351.0
baggage claim,miranda lambert,0,0,0,0,1.0,6015.0
we are young,glee cast,0,0,0,0,2.0,14003.0
sleazy remix 2 0 get sleazier,"ke$ha featuring lil wayne, wiz khalifa, t.i. and andre 3000",0,0,0,0,,
in the dark,dev,0,0,0,0,3.0,26679.0
you and i,lady gaga,0,0,0,0,11.0,272127.0
bang bang pow pow,t-pain featuring lil wayne,0,0,0,0,2.0,50621.0
do they know it's christmas,glee cast,0,0,0,0,1.0,5592.0
i got you,thompson square,0,0,0,0,1.0,
promise,romeo santos featuring usher,0,0,0,0,9.0,37286.0
all i want for christmas is you,michael buble,1,0,0,0,0.0,15866.0
survivor i will survive,glee cast,0,0,0,0,1.0,21686.0
man in the mirror,glee cast,0,0,0,0,1.0,5755.0
roman in moscow,nicki minaj,0,0,0,0,18.0,86495.0
sparks fly,taylor swift,0,0,0,0,9.0,310908.0
abc,glee cast,0,0,0,0,4.0,5745.0
red solo cup,glee cast,0,0,0,0,1.0,
i'll be home for christmas,kelly clarkson,0,0,0,0,1.0,
body 2 body,ace hood featuring chris brown,0,0,0,0,4.0,54912.0
perfect,glee cast,0,0,0,0,1.0,8773.0
girls just want to have fun,glee cast,0,0,0,0,1.0,5366.0
i kissed a girl,glee cast,0,0,0,0,2.0,8046.0
marvin and chardonnay,big sean featuring kanye west and roscoe dash,0,0,0,0,,
rumour has it someone like you,glee cast,0,0,0,0,2.0,17305.0
i'm the only one,glee cast,0,0,0,0,1.0,
constant craving,glee cast,0,0,0,0,1.0,
i like how it feels,enrique iglesias featuring pitbull and the wav.s,0,0,0,0,2.0,7743.0
otis,jay z kanye west featuring otis redding,0,0,0,0,,
marvins room,drake,0,0,0,0,22.0,3595457.0
good life,onerepublic,0,0,0,0,5.0,108878.0
if i die young,the band perry,0,0,0,0,20.0,314603.0
mr saxobeat,alexandra stan,0,0,0,0,1.0,128535.0
one more drinkin' song,jerrod niemann,0,0,0,0,3.0,
cheers,rihanna,0,0,0,0,6.0,144014.0
lullaby,nickelback,0,0,0,0,9.0,48670.0
rain over me,pitbull featuring marc anthony,0,0,0,0,14.0,95549.0
i got nothin',darius rucker,0,0,0,0,1.0,
el verdadero amor perdona,mana featuring prince royce,1,0,0,0,1.0,
crazy girl,eli young band,0,0,0,0,0.0,7959.0
country must be country wide,brantley gilbert,0,0,0,0,2.0,6774.0
if this was a movie,taylor swift,0,0,0,0,10.0,155496.0
hate sleeping alone,drake,0,0,0,0,8.0,1338649.0
you and i you and i,glee cast,0,0,0,0,1.0,
i can't go for that you make my dreams,glee cast,0,0,0,0,1.0,
criminal,britney spears,0,0,0,0,3.0,196242.0
hit me with your best shot one way or another,glee cast,0,0,0,0,1.0,
we'll be fine,drake featuring birdman,0,0,0,0,14.0,809908.0
footloose,blake shelton,0,0,0,0,2.0,6448.0
shot for me,drake,0,0,0,0,18.0,2229805.0
superman,taylor swift,0,0,0,0,13.0,97027.0
lighters,bad meets evil featuring bruno mars,0,0,0,0,19.0,877470.0
run,matt nathanson featuring sugarland,0,0,0,0,1.0,5311.0
smile back,mac miller,0,0,0,0,6.0,148137.0
uptown girl,glee cast,0,0,0,0,2.0,10911.0
come home,faith hill,0,0,0,0,1.0,
cost of livin',ronnie dunn,0,0,0,0,0.0,
wet the bed,chris brown feat. ludacris,0,0,0,0,7.0,196641.0
here for a good time,george strait,0,0,0,0,4.0,83013.0
the adventures of rain dance maggie,red hot chili peppers,0,0,0,0,4.0,105715.0
haunted,taylor swift,0,0,0,0,9.0,256261.0
long hot summer,keith urban,0,0,0,0,0.0,5581.0
how to love,lil wayne,0,0,0,0,17.0,789306.0
last friday night,katy perry,0,0,0,0,10.0,552266.0
tonight tonight,hot chelle rae,0,0,0,0,9.0,203215.0
take a back road,rodney atkins,0,0,0,0,2.0,27903.0
last friday night,glee cast,0,0,0,0,2.0,5095.0
better with the lights off,new boyz feat. chris brown,0,0,0,0,4.0,29976.0
ambition,wale featuring meek mill and rick ross,0,0,0,0,,
mrs right,mindless behavior featuring diggy,0,0,0,0,16.0,71886.0
all i want for christmas is you,justin bieber duet with mariah carey,0,0,0,0,2.0,44594.0
sweat,bow wow featuring lil wayne,0,0,0,0,,
christmas song,justin bieber featuring usher,0,0,0,0,,
take over control,afrojack featuring eva simons,0,0,0,0,1.0,8703.0
lessons in love,kaskade featuring neon trees,0,0,0,0,1.0,
dedication to my ex,lloyd featuring andre 3000 and lil wayne,0,0,0,0,,
i wanna go,britney spears,0,0,0,0,1.0,29229.0
i'm on one,"dj khaled featuring drake, rick ross and lil wayne",0,0,0,0,0.0,
the edge of glory,lady gaga,0,0,0,0,10.0,172280.0
made in america,toby keith,0,0,0,0,5.0,59892.0
remind me,brad paisley duet with carrie underwood,0,0,0,0,0.0,
got 2 luv u,sean paul featuring alexis jordan,0,0,0,0,3.0,40539.0
skyscraper,demi lovato,0,0,0,0,8.0,158899.0
focused,wale featuring kid cudi,0,0,0,0,,
quickie,miguel,0,0,0,0,3.0,145926.0
keep your head up,andy grammer,0,0,0,0,4.0,370198.0
best thing i never had,beyonce,1,0,0,0,10.0,368607.0
just fishin',trace adkins,0,0,0,0,1.0,9886.0
calling all the monsters,china anne mcclain,0,0,0,0,2.0,24241.0
still got it,tyga featuring drake,0,0,0,0,4.0,152262.0
papi,jennifer lopez,0,0,0,0,3.0,25068.0
lost in paradise,evanescence,0,0,0,0,15.0,23137.0
faster,matt nathanson,0,0,0,0,1.0,6040.0
barefoot blue jean night,jake owen,0,0,0,0,5.0,15617.0
dirt road anthem,jason aldean,0,0,0,0,10.0,207447.0
fix you,glee cast,0,0,0,0,1.0,
hangover,taio cruz featuring flo rida,0,0,0,0,1.0,63365.0
i'm flexin',t.i. featuring big k.r.i.t.,0,0,0,0,,
you and tequila,kenny chesney featuring grace potter,0,0,0,0,1.0,21658.0
run the world,glee cast,0,0,0,0,1.0,
pretty girls,iyaz featuring travie mccoy,0,0,0,0,,
love don't run,steve holy,0,0,0,0,1.0,
no sleep,wiz khalifa,0,0,0,0,4.0,128432.0
motivation,kelly rowland featuring lil wayne,0,0,0,0,3.0,207500.0
somewhere,glee cast,0,0,0,0,1.0,
fight for you,jason derulo,0,0,0,0,1.0,16883.0
after midnight,blink-182,0,0,0,0,9.0,59080.0
every teardrop is a waterfall,coldplay,0,0,0,0,14.0,133203.0
fish,craig campbell,0,0,0,0,1.0,6837.0
gucci gucci,kreayshawn,0,0,0,0,21.0,826892.0
walk,foo fighters,0,0,0,0,9.0,143765.0
far away,tyga featuring chris richardson,0,0,0,0,,
knee deep,zac brown band featuring jimmy buffett,0,0,0,0,9.0,82575.0
it's not unusual,glee cast,0,0,0,0,1.0,
you can't stop the beat,glee cast,0,0,0,0,1.0,10319.0
y u mad,birdman featuring nicki minaj and lil wayne,0,0,0,0,,
fix a heart,demi lovato,0,0,0,0,2.0,30683.0
we got the beat,glee cast,0,0,0,0,1.0,
love done gone,billy currington,0,0,0,0,0.0,
unbroken,demi lovato,0,0,0,0,1.0,12057.0
beautiful people,chris brown featuring benny benassi,0,0,0,0,5.0,58949.0
just can't get enough,the black eyed peas,0,0,0,0,8.0,291146.0
police dog blues,hugh laurie,0,0,0,0,3.0,
where them girls at,david guetta featuring flo rida and nicki minaj,0,0,0,0,10.0,190233.0
out of my head,lupe fiasco featuring trey songz,0,0,0,0,6.0,52748.0
am i the only one,dierks bentley,0,0,0,0,1.0,
body and soul,tony bennett and amy winehouse,0,0,0,0,1.0,25085.0
on the floor,jennifer lopez featuring pitbull,0,0,0,0,7.0,374201.0
disaster,jojo,0,0,0,0,2.0,5870.0
i love you this big,scotty mccreery,0,0,0,0,0.0,
hell on heels,pistol annies,0,0,0,0,2.0,14140.0
e t,katy perry featuring kanye west,0,0,0,0,,
megaman,lil wayne,0,0,0,0,30.0,282858.0
country girl,luke bryan,0,0,0,0,12.0,130372.0
my body,young the giant,0,0,0,0,4.0,54074.0
it's good,lil wayne featuring drake and jadakiss,0,0,0,0,,
how to hate,lil wayne featuring t-pain,0,0,0,0,8.0,422093.0
nightmares of the bottom,lil wayne,0,0,0,0,22.0,302356.0
president carter,lil wayne,0,0,0,0,25.0,397719.0
so special,lil wayne featuring john legend,0,0,0,0,16.0,207068.0
save me san francisco,train,0,0,0,0,16.0,16377.0
she ain't you,chris brown,0,0,0,0,1.0,101569.0
the lazy song,bruno mars,0,0,0,0,7.0,567781.0
frick park market,mac miller,0,0,0,0,19.0,271564.0
i'm into you,jennifer lopez featuring lil wayne,0,0,0,0,7.0,76723.0
night of your life,david guetta featuring jennifer hudson,0,0,0,0,1.0,
don't wanna go home,jason derulo,0,0,0,0,3.0,40267.0
never gonna leave this bed,maroon 5,0,0,0,0,2.0,29534.0
what the water gave me,florence + the machine,0,0,0,0,11.0,118301.0
booty wurk,t-pain featuring joey galaxy,0,0,0,0,,
man down,rihanna,0,0,0,0,10.0,917133.0
arms,christina perri,0,0,0,0,2.0,84285.0
till i'm gone,tinie tempah featuring wiz khalifa,0,0,0,0,15.0,45958.0
martians vs goblins,"game featuring lil wayne and tyler, the creator",0,0,0,0,,
honey bee,blake shelton,0,0,0,0,2.0,22805.0
don't you wanna stay,jason aldean with kelly clarkson,0,0,0,0,4.0,21341.0
hello,martin solveig and dragonette,0,0,0,0,1.0,59842.0
who gon stop me,jay z kanye west,0,0,0,0,49.0,766289.0
california king bed,rihanna,0,0,0,0,13.0,1057059.0
don't hold your breath,nicole scherzinger,0,0,0,0,1.0,11709.0
don't stop the party,the black eyed peas,0,0,0,0,2.0,25660.0
on my level,wiz khalifa featuring too $hort,0,0,0,0,13.0,175689.0
smile,avril lavigne,0,0,0,0,6.0,69299.0
old alabama,brad paisley featuring alabama,0,0,0,0,2.0,
the show goes on,lupe fiasco,0,0,0,0,23.0,373531.0
till the world ends,britney spears featuring nicki minaj and ke$ha,0,0,0,0,,
sure thing,miguel,0,0,0,0,14.0,975086.0
my last,big sean featuring chris brown,0,0,0,0,,
what you want,evanescence,0,0,0,0,3.0,16550.0
we don't get down like y'all,t.i. featuring b.o.b.,0,0,0,0,5.0,
unusual,trey songz featuring drake,0,0,0,0,,
look at me now,chris brown featuring lil wayne and busta rhymes,0,0,0,0,,
homeboy,eric church,0,0,0,0,11.0,10143.0
best love song,t-pain featuring chris brown,0,0,0,0,3.0,84350.0
right there,nicole scherzinger featuring 50 cent,0,0,0,0,5.0,33888.0
if heaven wasn't so far away,justin moore,0,0,0,0,7.0,11751.0
under and over it,five finger death punch,0,0,0,0,4.0,29645.0
ships in the night,mat kearney,0,0,0,0,22.0,20876.0
john,lil wayne featuring rick ross,0,0,0,0,,
oh my,"dj drama featuring fabolous, roscoe dash and wiz khalifa",0,0,0,0,,
tomorrow,chris young,0,0,0,0,6.0,64616.0
mean,taylor swift,0,0,0,0,12.0,481425.0
who says,selena gomez and the scene,0,0,0,0,5.0,239513.0
dirty dancer,enrique iglesias with usher featuring lil wayne,0,0,0,0,2.0,15952.0
novacane,frank ocean,0,0,0,0,16.0,1905896.0
i smile,kirk franklin,0,0,0,0,4.0,223339.0
f kin' perfect,p!nk,0,0,0,0,0.0,
f k you,ceelo green,0,0,0,0,0.0,
up all night,blink-182,0,0,0,0,5.0,29103.0
outlaw,50 cent,0,0,0,0,25.0,12006.0
racks,yc featuring future,0,0,0,0,,
ballin',young jeezy featuring lil wayne,0,0,0,0,,
the story of us,taylor swift,0,0,0,0,16.0,418282.0
hustle hard,ace hood,0,0,0,0,4.0,35636.0
far away,marsha ambrosius,0,0,0,0,4.0,22559.0
blow,ke$ha,0,0,0,0,11.0,99117.0
firework,katy perry,0,0,0,0,13.0,873581.0
for the first time,the script,0,0,0,0,7.0,163421.0
you lie,the band perry,0,0,0,0,1.0,7444.0
what if,colbie caillat,0,0,0,0,1.0,
watch me,bella thorne and zendaya,0,0,0,0,1.0,12467.0
country song,seether,0,0,0,0,3.0,18336.0
run the world,beyonce,1,0,0,0,20.0,370994.0
roll up,wiz khalifa,0,0,0,0,8.0,198098.0
s m,rihanna featuring britney spears,0,0,0,0,,
iridescent,linkin park,0,0,0,0,9.0,135539.0
without you,keith urban,0,0,0,0,0.0,
i wouldn't be a man,josh turner,0,0,0,0,0.0,
stitch by stitch,javier colon,0,0,0,0,1.0,
taboo,don omar,0,0,0,0,0.0,35220.0
inventing shadows,dia frampton,0,0,0,0,2.0,
man in the mirror,adam levine and javier colon,0,0,0,0,,
i won't back down,blake shelton and dia frampton,0,0,0,0,0.0,
written in the stars,tinie tempah featuring eric turner,0,0,0,0,23.0,217740.0
little bad girl,david guetta featuring taio cruz and ludacris,0,0,0,0,3.0,28352.0
beautiful,christina aguilera and beverly mcclellan,0,0,0,0,,
afraid to sleep,vicci martinez,0,0,0,0,0.0,
heartless,dia frampton,0,0,0,0,1.0,
shake senora,pitbull featuring t-pain and sean paul,0,0,0,0,,
losing my religion,dia frampton,0,0,0,0,1.0,
moving to mars,coldplay,0,0,0,0,8.0,8084.0
backseat,new boyz featuring the cataracs and dev,0,0,0,0,,
major minus,coldplay,0,0,0,0,6.0,15839.0
high,big sean featuring wiz khalifa,0,0,0,0,,
fix you,javier colon,0,0,0,0,0.0,
down on me,jeremih featuring 50 cent,0,0,0,0,0.0,
born this way,lady gaga,0,0,0,0,21.0,1410297.0
dog days are over,vicci martinez,0,0,0,0,,
best friend's brother,victorious cast featuring victoria justice,0,0,0,0,1.0,35837.0
heart like mine,miranda lambert,0,0,0,0,3.0,
the man who can't be moved,xenia,0,0,0,0,,
next to you,chris brown featuring justin bieber,0,0,0,0,1.0,176296.0
so in love,jill scott featuring anthony hamilton,0,0,0,0,1.0,9366.0
price tag,jessie j featuring b.o.b,0,0,0,0,12.0,681693.0
all of the lights,kanye west,0,0,0,0,29.0,2116770.0
just the way you are,bruno mars,0,0,0,0,7.0,1087235.0
angel,javier colon,0,0,0,0,1.0,
today is your day,shania twain,0,0,0,0,1.0,
jolene,vicci martinez,0,0,0,0,1.0,
i need a doctor,dr. dre featuring eminem and skylar grey,0,0,0,0,,
black horse and the cherry tree,casey weston,0,0,0,0,,
the cave,mumford and sons,0,0,0,0,17.0,497972.0
see no more,joe jonas,0,0,0,0,3.0,8492.0
price tag,xenia,0,0,0,0,,
monster,paramore,0,1,0,0,9.0,51779.0
i won't let go,rascal flatts,0,0,0,0,0.0,22014.0
pause,pitbull,0,0,0,0,2.0,
bleed red,ronnie dunn,0,0,0,0,0.0,
somewhere else,toby keith,0,0,0,0,0.0,
judas,lady gaga,0,0,0,0,20.0,572504.0
bow chicka wow wow,mike posner featuring lil wayne,0,0,0,0,2.0,39877.0
bang bang bang,selena gomez and the scene,0,0,0,0,2.0,18246.0
you,romeo santos,0,0,0,0,0.0,36634.0
did it on'em,nicki minaj,0,0,0,0,21.0,1001375.0
teenage daughters,martina mcbride,0,0,0,0,1.0,
grenade,bruno mars,0,0,0,0,6.0,1287407.0
like my mother does,lauren alaina,0,0,0,0,1.0,7602.0
colder weather,zac brown band,0,0,0,0,8.0,241738.0
1 1,beyonce,1,0,0,0,3.0,284731.0
danza kuduro,don omar and lucenzo,0,0,0,0,,
cat daddy,rej3ctz,0,0,0,0,37.0,53498.0
sing,my chemical romance,0,0,0,0,17.0,130502.0
feels so good,steven tyler,0,0,0,0,1.0,
light up the world,glee cast,0,0,0,0,5.0,9215.0
pretending,glee cast,0,0,0,0,4.0,13061.0
for good,glee cast,0,0,0,0,1.0,5214.0
rise above 1,reeve carney featuring bono and the edge,0,0,0,0,1.0,
what the hell,avril lavigne,0,0,0,0,10.0,117805.0
i love new york new york new york,glee cast,0,0,0,0,1.0,
live a little,kenny chesney,0,0,0,0,1.0,
as long as you're there,glee cast,0,0,0,0,2.0,9772.0
i do,colbie caillat,0,0,0,0,1.0,8565.0
rope,foo fighters,0,0,0,0,4.0,41192.0
hair,lady gaga,0,0,0,0,13.0,121711.0
moment 4 life,nicki minaj featuring drake,0,0,0,0,26.0,910258.0
a little bit stronger,sara evans,0,0,0,0,2.0,13165.0
pure imagination,glee cast,0,0,0,0,1.0,
i can't love you back,easton corbin,0,0,0,0,1.0,
back to black,glee cast,0,0,0,0,2.0,10964.0
9 piece,rick ross featuring lil wayne or t.i.,0,0,0,0,,
rolling in the deep,glee cast featuring jonathan groff,0,0,0,0,3.0,9671.0
boyfriend,big time rush,0,0,0,0,2.0,223317.0
my man,glee cast,0,0,0,0,2.0,8477.0
look it up,ashton shepherd,0,0,0,0,1.0,
bring it back,travis porter,0,0,0,0,3.0,42631.0
jack sparrow,the lonely island featuring michael bolton,0,0,0,0,19.0,312892.0
love faces,trey songz,0,0,0,0,3.0,103177.0
friday,glee cast,0,0,0,0,1.0,
jar of hearts,glee cast,0,0,0,0,1.0,6537.0
tonight,enrique iglesias featuring ludacris and dj frank e,0,0,0,0,,
isn't she lovely,glee cast,0,0,0,0,1.0,
i'm not gonna teach your boyfriend to dance with you,glee cast,0,0,0,0,1.0,
dancing queen,glee cast,0,0,0,0,1.0,
i am woman,jordin sparks,0,0,0,0,3.0,
fast lane,bad meets evil,0,0,0,0,43.0,1029808.0
this,darius rucker,0,0,0,0,3.0,19131.0
turning tables,adele,0,0,0,0,7.0,314516.0
grove st party,waka flocka flame featuring kebo gotti,0,0,0,0,10.0,103691.0
coming home,diddy - dirty money featuring skylar grey,0,0,0,0,22.0,568345.0
6 foot 7 foot,lil wayne featuring cory gunz,0,0,0,0,83.0,2292749.0
go your own way,glee cast,0,0,0,0,1.0,
more,usher,0,0,0,0,2.0,35264.0
what do you want,jerrod niemann,0,0,0,0,1.0,
songbird,glee cast,0,0,0,0,1.0,6233.0
not ready to die,avenged sevenfold,0,0,0,0,18.0,44360.0
don't stop,glee cast,0,0,0,0,1.0,
never going back again,glee cast,0,0,0,0,1.0,
i feel pretty unpretty,glee cast,0,0,0,0,4.0,44401.0
dreams,glee cast featuring kristin chenoweth,0,0,0,0,,
closer to the edge,thirty seconds to mars,0,1,0,0,0.0,49208.0
hold it against me,britney spears,0,0,0,0,3.0,49837.0
jar of hearts,christina perri,0,0,0,0,5.0,354682.0
hey baby,pitbull featuring t-pain,0,0,0,0,,
somewhere only we know,glee cast,0,0,0,0,1.0,27229.0
born this way,glee cast,0,0,0,0,1.0,13325.0
raise your glass,p!nk,0,0,0,0,7.0,115388.0
are you gonna kiss me or not,thompson square,0,0,0,0,1.0,8196.0
time after time,javier colon,0,0,0,0,0.0,
determinate,"bridgit mendler, adam hicks, naomi scott and hayley kiyoko",0,0,0,0,,
as if we never said goodbye,glee cast,0,0,0,0,1.0,
angel,akon,0,0,0,0,1.0,6737.0
barbra streisand,duck sauce,0,0,0,0,0.0,
you be killin em,fabolous,0,0,0,0,10.0,105869.0
family man,craig campbell,0,0,0,0,1.0,
pretty girl rock,keri hilson,0,0,0,0,6.0,128385.0
dynamite,taio cruz,0,0,0,0,3.0,448046.0
turning tables,glee cast featuring gwyneth paltrow,0,0,0,0,1.0,6355.0
beggin' on your knees,victorious cast featuring victoria justice,0,0,0,0,1.0,
all by myself,glee cast,0,0,0,0,1.0,
breakthrough,"bridgit mendler, adam hicks, naomi scott and hayley kiyoko",0,0,0,0,,
somebody,bridgit mendler,0,0,0,0,0.0,24874.0
never say never,justin bieber featuring jaden smith,0,0,0,0,8.0,398545.0
friday,rebecca black,0,0,0,0,2.0,315540.0
stereo love,edward maya and vika jigulina,0,0,0,0,4.0,218111.0
no hands,waka flocka flame featuring roscoe dash and wale,0,0,0,0,19.0,654321.0
rocketeer,far*east movement featuring ryan tedder,0,0,0,0,6.0,103090.0
red nation,game featuring lil wayne,0,0,0,0,,
where you at,jennifer hudson,0,0,0,0,1.0,12342.0
little miss,sugarland,0,0,0,0,1.0,
yeah 3x,chris brown,0,0,0,0,1.0,116366.0
let me down easy,billy currington,0,0,0,0,0.0,18722.0
georgia clay,josh kelley,0,0,0,0,1.0,
boom,snoop dogg featuring t-pain,0,0,0,0,9.0,18257.0
fall for your type,jamie foxx featuring drake,0,0,0,0,1.0,129080.0
walking,mary mary,0,0,0,0,10.0,29405.0
no bs,chris brown,0,0,0,0,,
welcome to my hood,"dj khaled featuring rick ross, plies, lil wayne and t-pain",0,0,0,0,,
marry me,train,0,0,0,0,4.0,50456.0
the story,sara ramirez,0,0,0,0,2.0,23349.0
loser like me,glee cast,0,0,0,0,2.0,29166.0
this is country music,brad paisley,0,0,0,0,10.0,5445.0
black and yellow,wiz khalifa,0,0,0,0,20.0,652427.0
the time,the black eyed peas,0,0,0,0,9.0,70967.0
hello world,lady antebellum,0,0,0,0,4.0,8909.0
get it right,glee cast,0,0,0,0,5.0,36928.0
higher,taio cruz featuring travie mccoy,0,0,0,0,,
buzzin',mann,0,0,0,0,17.0,31047.0
from a table away,sunny sweeney,0,0,0,0,1.0,
f k him he's a dj,ke$ha,0,0,0,0,,
shake me down,cage the elephant,0,0,0,0,11.0,108307.0
raise your glass,glee cast,0,0,0,0,1.0,5728.0
blackbird,glee cast,0,0,0,0,1.0,
what's my name,rihanna featuring drake,0,0,0,0,10.0,1117953.0
misery,glee cast,0,0,0,0,1.0,
hell to the no,glee cast,0,0,0,0,2.0,8912.0
who are you when i'm not looking,blake shelton,0,0,0,0,1.0,12775.0
landslide,glee cast featuring gwyneth paltrow,0,0,0,0,,
candles,glee cast,0,0,0,0,2.0,
somewhere with you,kenny chesney,0,0,0,0,2.0,19597.0
felt good on my lips,tim mcgraw,0,0,0,0,0.0,
voices,chris young,0,0,0,0,0.0,10860.0
dancing crazy,miranda cosgrove,0,0,0,0,2.0,6921.0
back to december,taylor swift,0,0,0,0,12.0,325069.0
only girl,rihanna,0,0,0,0,9.0,652285.0
we r who we r,ke$ha,0,0,0,0,10.0,48619.0
waiting for the end,linkin park,0,0,0,0,9.0,240182.0
do you wanna touch me,glee cast featuring gwyneth paltrow,0,0,0,0,1.0,
animal,glee cast,0,0,0,0,1.0,6171.0
the race,wiz khalifa,0,0,0,0,8.0,140611.0
beautiful lasers,lupe fiasco featuring mdma,0,0,0,0,13.0,78196.0
kiss,glee cast,0,0,0,0,1.0,
who dat girl,flo rida featuring akon,0,0,0,0,3.0,14812.0
someone else calling you baby,luke bryan,0,0,0,0,0.0,7206.0
kush,dr. dre featuring snoop dogg and akon,0,0,0,0,,
dj got us fallin' in love,usher featuring pitbull,0,0,0,0,11.0,196668.0
teenage dream,katy perry,0,0,0,0,6.0,415897.0
twisted,gorilla zoe featuring lil jon,0,0,0,0,4.0,
what are words,chris medina,0,0,0,0,1.0,57094.0
maybe,sick puppies,0,0,0,0,3.0,
whip my hair,willow,0,0,0,0,3.0,102353.0
country boy,aaron lewis featuring george jones and charlie daniels,0,0,0,0,,
wildflower,the janedear girls,0,0,0,0,1.0,
pray,justin bieber,0,0,0,0,2.0,59909.0
the shape i'm in,joe nichols,0,0,0,0,1.0,
i just had sex,the lonely island featuring akon,0,0,0,0,7.0,186935.0
21st century girl,willow,0,0,0,0,2.0,5455.0
bass down low,dev featuring the cataracs,0,0,0,0,7.0,5865.0
don't you want me,glee cast,0,0,0,0,1.0,6033.0
just a dream,nelly,0,0,0,0,5.0,270131.0
blame it,glee cast,0,0,0,0,1.0,
tik tok,glee cast,0,0,0,0,2.0,
lay it down,lloyd,0,0,0,0,0.0,46013.0
who's that chick,david guetta featuring rihanna,0,0,0,0,9.0,52170.0
h a m,kanye west jay z,0,0,0,0,26.0,645511.0
u smile,justin bieber,0,0,0,0,1.0,49035.0
little lion man,mumford and sons,0,0,0,0,15.0,403796.0
baby,glee cast,0,0,0,0,1.0,
sing,glee cast,0,0,0,0,3.0,6712.0
take me or leave me,glee cast,0,0,0,0,2.0,7484.0
somebody to love,glee cast,0,0,0,0,2.0,33742.0
born to be somebody,justin bieber,0,0,0,0,2.0,6356.0
hit the lights,jay sean featuring lil wayne,0,0,0,0,1.0,
forget you,glee cast featuring gwyneth paltrow,0,0,0,0,1.0,
firework,glee cast,0,0,0,0,1.0,
do the john wall,troop 41,0,0,0,0,47.0,23587.0
thriller heads will roll,glee cast,0,0,0,0,1.0,9447.0
bills bills bills,glee cast,0,0,0,0,1.0,7910.0
silly love songs,glee cast,0,0,0,0,1.0,
when i get you alone,glee cast,0,0,0,0,1.0,10098.0
fat bottomed girls,glee cast,0,0,0,0,1.0,
p y t,glee cast,0,0,0,0,,
need you now,glee cast,0,0,0,0,1.0,11007.0
aston martin music,rick ross featuring drake and chrisette michele,0,0,0,0,,
i won't give up,jana kramer,0,0,0,0,1.0,
put you in a song,keith urban,0,0,0,0,0.0,
she's not there,glee cast,0,0,0,0,1.0,
words i never said,lupe fiasco featuring skylar grey,0,0,0,0,26.0,356385.0
make a movie,twista featuring chris brown,0,0,0,0,0.0,32559.0
boyfriend,new hollow,0,0,0,0,1.0,
make it rain,travis porter,0,0,0,0,26.0,48882.0
rhythm of love,plain white t's,0,0,0,0,6.0,31682.0
bottoms up,trey songz featuring nicki minaj,0,0,0,0,23.0,799261.0
like a g6,far*east movement featuring cataracs and dev,0,0,0,0,22.0,345456.0
secrets,onerepublic,0,0,0,0,8.0,970345.0
animal,neon trees,0,0,0,0,7.0,233282.0
please don't go,mike posner,0,0,0,0,4.0,57260.0
when you're young,3 doors down,0,0,0,0,10.0,5904.0
the creep,the lonely island featuring nicki minaj,0,0,0,0,9.0,51117.0
bullets in the gun,toby keith,0,0,0,0,1.0,
the ballad of mona lisa,panic! at the disco,0,0,0,0,10.0,311368.0
right thru me,nicki minaj,0,0,0,0,2.0,209323.0
memories,david guetta featuring kid cudi,0,0,0,0,1.0,130039.0
fire flame,birdman featuring lil wayne,0,0,0,0,,
lo mejor de mi vida eres tu,ricky martin featuring natalia jimenez,0,0,0,0,,
right above it,lil wayne featuring drake,0,0,0,0,21.0,1015886.0
i like it,enrique iglesias featuring pitbull,0,0,0,0,8.0,66427.0
dog days are over,florence + the machine,0,0,0,0,10.0,1020879.0
can't be friends,trey songz,0,0,0,0,8.0,92233.0
smoke a little smoke,eric church,0,0,0,0,4.0,9598.0
we no speak americano,yolanda be cool and dcup,0,0,0,0,3.0,135105.0
help is on the way,rise against,0,0,0,0,12.0,41554.0
mama's song,carrie underwood,0,0,0,0,4.0,18644.0
marry you,bruno mars,0,0,0,0,10.0,412000.0
roman's revenge,nicki minaj featuring eminem,0,0,0,0,39.0,1278007.0
freak the freak out,victorious cast featuring victoria justice,0,0,0,0,6.0,81679.0
stay the night,james blunt,0,0,0,0,3.0,13707.0
tighten up,the black keys,0,0,0,0,8.0,201664.0
give in to me,garrett hedlund and leighton meester,0,0,0,0,1.0,
for you and your denial,yellowcard,0,0,0,0,0.0,
club can't handle me,flo rida featuring david guetta,0,0,0,0,1.0,88182.0
no love,eminem featuring lil wayne,0,0,0,0,1.0,
country strong,gwyneth paltrow,0,0,0,0,1.0,
hold my hand,michael jackson duet with akon,0,0,0,0,,
the breath you take,george strait,0,0,0,0,1.0,
turn on the radio,reba,0,0,0,0,0.0,
stuck like glue,sugarland,0,0,0,0,2.0,33594.0
love the way you lie,eminem featuring rihanna,0,0,0,0,1.0,
my kinda party,jason aldean,0,0,0,0,3.0,22937.0
mine,taylor swift,0,0,0,0,11.0,427177.0
only prettier,miranda lambert,0,0,0,0,6.0,18012.0
anything like me,brad paisley,0,0,0,0,0.0,6609.0
monster,"kanye west featuring jay-z, rick ross, bon iver and nicki minaj",0,0,0,0,,
porn star dancing,my darkest days featuring zakk wylde,0,0,0,0,3.0,40195.0
that's all she wrote,t.i. featuring eminem,0,0,0,0,37.0,512605.0
love like woe,the ready set,0,0,0,0,4.0,15922.0
deuces,chris brown featuring tyga and kevin mccall,0,0,0,0,,
runaway,kanye west featuring pusha t,0,0,0,0,,
a year without rain,selena gomez and the scene,0,0,0,0,,
big night,big time rush,0,0,0,0,1.0,17303.0
why wait,rascal flatts,0,0,0,0,1.0,
shake,jesse mccartney,0,0,0,0,1.0,
check it out,will.i.am and nicki minaj,0,0,0,0,0.0,
opposite of adults,chiddy bang,0,0,0,0,23.0,106656.0
as she's walking away,zac brown band featuring alan jackson,0,0,0,0,11.0,21638.0
hit it again,3oh!3,0,0,0,0,1.0,
i am the champion,b.o.b,0,0,0,0,13.0,
pursuit of happiness,kid cudi featuring mgmt and ratatat,0,0,0,0,,
shake up christmas,train,0,0,0,0,1.0,33135.0
christmas lights,coldplay,0,0,0,0,6.0,89306.0
all i want is you,miguel featuring j. cole,0,0,0,0,17.0,549282.0
loving you no more,diddy - dirty money featuring drake,0,0,0,0,0.0,8272.0
when a woman loves,r. kelly,0,0,0,0,0.0,28980.0
september,daughtry,0,0,0,0,1.0,18463.0
loca,shakira featuring el cata or dizzee rascal,0,0,0,0,,
letting go,sean kingston featuring nicki minaj,0,0,0,0,,
baby it's cold outside,glee cast,0,0,0,0,1.0,19011.0
oh santa,mariah carey,0,0,0,0,1.0,19288.0
welcome christmas,glee cast,0,0,0,0,1.0,
fancy,drake featuring t.i. and swizz beatz,0,0,0,0,,
strip me,natasha bedingfield,0,0,0,0,1.0,
one in a million,ne-yo,0,0,0,0,1.0,161204.0
bon bon,pitbull,0,0,0,0,2.0,
dog days are over,glee cast,0,0,0,0,1.0,5587.0
hey soul sister,glee cast,0,0,0,0,1.0,6331.0
the time of my life,glee cast,0,0,0,0,1.0,8096.0
valerie,glee cast,0,0,0,0,1.0,32371.0
marry you,glee cast,0,0,0,0,2.0,14526.0
boots,the killers,0,0,0,0,14.0,6588.0
don't cry for me argentina,glee cast,0,0,0,0,1.0,
singing in the rain umbrella,glee cast featuring gwyneth paltrow,0,0,0,0,1.0,10066.0
just the way you are,glee cast,0,0,0,0,1.0,7633.0
take it off,ke$ha,0,0,0,0,5.0,129565.0
dark fantasy,"kanye west featuring teyana taylor, nicki minaj and bon iver",0,0,0,0,,
show me how you burlesque,christina aguilera,0,0,0,0,2.0,184760.0
hot tottie,usher featuring jay-z,0,0,0,0,12.0,57711.0
teenage dream,glee cast,0,0,0,0,2.0,12760.0
come back song,darius rucker,0,0,0,0,2.0,8214.0
crazy beautiful life,ke$ha,0,0,0,0,2.0,7029.0
the boys of fall,kenny chesney,0,0,0,0,6.0,15795.0
king of anything,sara bareilles,0,0,0,0,4.0,28945.0
liv tonight,nelly featuring keri hilson,0,0,0,0,1.0,
roll with it,easton corbin,0,0,0,0,1.0,
sick,new hollow,0,0,0,0,1.0,
this ain't no love song,trace adkins,0,0,0,0,1.0,
what if,jason derulo,0,0,0,0,0.0,17424.0
turn around,flo rida,0,0,0,0,2.0,6588.0
start me up livin' on a prayer,glee cast,0,0,0,0,1.0,7381.0
stop in the name of love free your mind,glee cast,0,0,0,0,1.0,
one love,glee cast,0,0,0,0,1.0,
cooler than me,mike posner,0,0,0,0,4.0,297752.0
california gurls,katy perry featuring snoop dogg,0,0,0,0,21.0,1647817.0
marijuana,kid cudi,0,0,0,0,10.0,252063.0
cannibal,ke$ha,0,0,0,0,10.0,432869.0
scott mescudi vs the world,kid cudi featuring cee-lo,0,0,0,0,13.0,149074.0
holding you down,jazmine sullivan,0,0,0,0,0.0,
airplanes,b.o.b featuring hayley williams,0,0,0,0,,
farmer's daughter,rodney atkins,0,0,0,0,3.0,10835.0
misery,maroon 5,0,0,0,0,8.0,136809.0
get back up,t.i. featuring chris brown,0,0,0,0,,
toot it and boot it,yg,0,0,0,0,3.0,80539.0
if i had you,adam lambert,0,0,0,0,1.0,23521.0
double vision,3oh!3,0,0,0,0,0.0,6102.0
2012,jay sean featuring nicki minaj,0,0,0,0,,
love all over me,monica,0,0,0,0,1.0,33141.0
the big bang,rockmafia,0,0,0,0,2.0,54749.0
radioactive,kings of leon,0,0,0,0,3.0,22211.0
innocent,taylor swift,0,0,0,0,8.0,291280.0
dear john,taylor swift,0,0,0,0,19.0,622840.0
better than revenge,taylor swift,0,0,0,0,9.0,391081.0
last kiss,taylor swift,0,0,0,0,17.0,457080.0
enchanted,taylor swift,0,0,0,0,14.0,1023157.0
mr rager,kid cudi,0,0,0,0,14.0,755099.0
never grow up,taylor swift,0,0,0,0,5.0,245781.0
long live,taylor swift,0,0,0,0,13.0,916348.0
time warp,glee cast,0,0,0,0,1.0,11864.0
hollywood,michael buble,1,0,0,0,5.0,9358.0
all over me,josh turner,0,0,0,0,1.0,
not afraid,eminem,0,0,0,0,35.0,2115787.0
omg,usher featuring will.i.am,0,0,0,0,,
magic,b.o.b featuring rivers cuomo,0,0,0,0,,
if it's love,train,0,0,0,0,12.0,13484.0
gonna get this,hannah montana featuring iyaz,0,0,0,0,5.0,40849.0
waka waka,shakira featuring freshlyground,0,0,0,0,,
the end,kings of leon,0,0,0,0,3.0,16813.0
way out here,josh thompson,0,0,0,0,0.0,
speak now,taylor swift,0,0,0,0,4.0,182426.0
rap song,t-pain featuring rick ross,0,0,0,0,8.0,29530.0
b m f,rick ross featuring styles p,0,0,0,0,,
our kind of love,lady antebellum,0,0,0,0,1.0,
all about tonight,blake shelton,0,0,0,0,5.0,
got your back,t.i. featuring keri hilson,0,0,0,0,2.0,83547.0
lucky,glee cast,0,0,0,0,2.0,12702.0
river deep mountain high,glee cast,0,0,0,0,1.0,17364.0
happy days are here again get happy,glee cast,0,0,0,0,1.0,9538.0
don't go breaking my heart,glee cast,0,0,0,0,1.0,6768.0
move that body,nelly featuring t-pain and akon,0,0,0,0,2.0,6018.0
miss me,drake featuring lil wayne,0,0,0,0,,
your love,nicki minaj,0,0,0,0,13.0,484565.0
pretty good at drinkin' beer,billy currington,0,0,0,0,0.0,32751.0
little white church,little big town,0,0,0,0,0.0,5173.0
le jazz hot,glee cast,0,0,0,0,1.0,
gonorrhea,lil wayne featuring drake,0,0,0,0,15.0,153962.0
power,kanye west,0,0,0,0,28.0,2685590.0
the catalyst,linkin park,0,0,0,0,6.0,183855.0
i want to hold your hand,glee cast,0,0,0,0,2.0,
one of us,glee cast,0,0,0,0,1.0,5242.0
hey soul sister,train,0,0,0,0,13.0,634560.0
ridin' solo,jason derulo,0,0,0,0,3.0,90017.0
only the good die young,glee cast,0,0,0,0,1.0,
the only exception,paramore,0,1,0,0,10.0,921364.0
teach me how to dougie,cali swag district,0,0,0,0,12.0,144727.0
losing my religion,glee cast,0,0,0,0,1.0,
papa can you hear me,glee cast,0,0,0,0,1.0,
bridge over troubled water,glee cast,0,0,0,0,1.0,
i look to you,glee cast,0,0,0,0,1.0,6338.0
half of my heart,john mayer,0,0,0,0,6.0,143973.0
la la la,auburn featuring iyaz,0,0,0,0,4.0,
like we used to,a rocket to the moon,0,0,0,0,4.0,11163.0
toxic,glee cast,0,0,0,0,1.0,12189.0
the only exception,glee cast,0,0,0,0,1.0,6739.0
billionaire,travie mccoy featuring bruno mars,0,0,0,0,12.0,489536.0
what's wrong with them,lil wayne featuring nicki minaj,0,0,0,0,7.0,51487.0
need you now,lady antebellum,0,0,0,0,2.0,368104.0
i'm a slave 4 u,glee cast,0,0,0,0,1.0,
stronger,glee cast,0,0,0,0,1.0,
baby one more time,glee cast,0,0,0,0,1.0,5242.0
me against the music,glee cast,0,0,0,0,1.0,7587.0
i am not a human being,lil wayne,0,0,0,0,21.0,106474.0
bill gates,lil wayne,0,0,0,0,26.0,190122.0
na na na,my chemical romance,0,0,0,0,33.0,413093.0
hope she cheats on you,marsha ambrosius,0,0,0,0,2.0,
empire state of mind,glee cast,0,0,0,0,4.0,25434.0
pretty boy swag,soulja boy tell'em,0,0,0,0,13.0,146536.0
telephone,glee cast,0,0,0,0,1.0,14655.0
billionaire,glee cast,0,0,0,0,1.0,11946.0
listen,glee cast,0,0,0,0,1.0,8051.0
find your love,drake,0,0,0,0,2.0,431847.0
breakeven,the script,0,0,0,0,6.0,474110.0
what i did for love,glee cast,0,0,0,0,1.0,
free,zac brown band,0,0,0,0,0.0,21686.0
stutter,maroon 5,0,0,0,0,1.0,9416.0
round and round,selena gomez and the scene,0,0,0,0,2.0,33695.0
break my bank,new boyz featuring iyaz,0,0,0,0,0.0,
bittersweet,fantasia,0,0,0,0,1.0,17474.0
erase me,kid cudi featuring kanye west,0,0,0,0,9.0,544475.0
smile,uncle kracker,0,0,0,0,2.0,59148.0
love like crazy,lee brice,0,0,0,0,4.0,29619.0
somebody to love,justin bieber featuring usher,0,0,0,0,3.0,29270.0
hold you,gyptian,0,0,0,0,1.0,
glitter in the air,p!nk,0,0,0,0,4.0,50761.0
trailerhood,toby keith,0,0,0,0,1.0,
break your heart,taio cruz featuring ludacris,0,0,0,0,3.0,40224.0
undo it,carrie underwood,0,0,0,0,2.0,11278.0
lover lover,jerrod niemann,0,0,0,0,1.0,5425.0
dumb love,sean kingston,0,0,0,0,1.0,8683.0
i'm in,keith urban,0,0,0,0,1.0,
gettin' over you,david guetta and chris willis featuring fergie and lmfao,0,0,0,0,,
rockstar 101,rihanna featuring slash,0,0,0,0,3.0,41405.0
this ain't nothin',craig morgan,0,0,0,0,2.0,9057.0
introducing me,nick jonas,0,0,0,0,5.0,192098.0
the man who can't be moved,the script,0,0,0,0,15.0,437195.0
champagne life,ne-yo,0,0,0,0,1.0,13721.0
bulletproof,la roux,0,0,0,0,10.0,150361.0
alejandro,lady gaga,0,0,0,0,13.0,461295.0
there goes my baby,usher,0,0,0,0,4.0,53169.0
impossible,shontelle,0,0,0,0,4.0,306845.0
ride,ciara featuring ludacris,0,0,0,0,,
kissin u,miranda cosgrove,0,0,0,0,23.0,19886.0
my first kiss,3oh!3 featuring ke$ha,0,0,0,0,3.0,52326.0
bed intruder song,antoine dodson and the gregory brothers featuring kelly dodson,0,0,0,0,,
143,bobby brackins featuring ray j,0,0,0,0,21.0,13413.0
rock that body,the black eyed peas,0,0,0,0,5.0,103490.0
mockingbird,rob thomas,0,0,0,0,1.0,
your love is my drug,ke$ha,0,0,0,0,12.0,150642.0
un-thinkable,alicia keys,0,0,0,0,6.0,433893.0
give a little more,maroon 5,0,0,0,0,2.0,12087.0
water,brad paisley,0,0,0,0,3.0,
black rain,soundgarden,0,0,0,0,2.0,14211.0
this afternoon,nickelback,0,0,0,0,8.0,23052.0
circle the drain,katy perry,0,0,0,0,8.0,45834.0
hello good morning,diddy - dirty money featuring t.i.,0,0,0,0,0.0,13638.0
lose my mind,young jeezy featuring plies,0,0,0,0,10.0,114709.0
lay me down,the dirty heads featuring rome,0,0,0,0,18.0,59120.0
nothin' on you,b.o.b featuring bruno mars,0,0,0,0,5.0,459672.0
not like the movies,katy perry,0,0,0,0,4.0,35726.0
rain is a good thing,luke bryan,0,0,0,0,6.0,99565.0
i never told you,colbie caillat,0,0,0,0,1.0,18804.0
the house that built me,miranda lambert,0,0,0,0,6.0,45129.0
beautiful monster,ne-yo,0,0,0,0,5.0,21381.0
pray for you,jaron and the long road to love,0,0,0,0,2.0,53089.0
we'll be a dream,we the kings featuring demi lovato,0,0,0,0,0.0,20908.0
crazy town,jason aldean,0,0,0,0,0.0,7066.0
sex room,ludacris featuring trey songz,0,0,0,0,7.0,53071.0
all i do is win,"dj khaled featuring t-pain, ludacris, snoop dogg and rick ross",0,0,0,0,,
in my head,jason derulo,0,0,0,0,1.0,105662.0
haven't met you yet,michael buble,1,0,0,0,7.0,467479.0
g r i n d,asher roth,0,0,0,0,7.0,
nightmare,avenged sevenfold,0,0,0,0,14.0,223460.0
she won't be lonely long,clay walker,0,0,0,0,1.0,12981.0
the crow and the butterfly,shinedown,0,0,0,0,13.0,25852.0
cuando me enamoro,enrique iglesias featuring juan luis guerra,0,0,0,0,1.0,38086.0
over,drake,0,0,0,0,24.0,988169.0
can't be tamed,miley cyrus,0,0,0,0,10.0,59013.0
ordinary girl,hannah montana,0,0,0,0,2.0,60608.0
eenie meenie,sean kingston and justin bieber,0,0,0,0,7.0,1192714.0
if we ever meet again,timbaland featuring katy perry,0,0,0,0,3.0,71560.0
the man i want to be,chris young,0,0,0,0,2.0,14880.0
wavin' flag,k'naan,0,0,0,0,9.0,247459.0
rude boy,rihanna,0,0,0,0,4.0,350915.0
telephone,lady gaga featuring beyonce,0,0,0,0,,
whataya want from me,adam lambert,0,0,0,0,4.0,203986.0
my chick bad,ludacris featuring nicki minaj,0,0,0,0,18.0,339973.0
gimmie that girl,joe nichols,0,0,0,0,3.0,
shark in the water,v v brown,0,0,0,0,9.0,36593.0
neighbors know my name,trey songz,0,0,0,0,5.0,120923.0
up on the ridge,dierks bentley,0,0,0,0,1.0,
young forever,jay-z + mr. hudson,0,0,0,0,24.0,710617.0
i gotta feeling,the black eyed peas,0,0,0,0,,
outta your mind,lil jon featuring lmfao,0,0,0,0,1.0,18811.0
wrong baby wrong,martina mcbride,0,0,0,0,1.0,
i can do anything,3oh!3,0,0,0,0,0.0,
tik tok,ke$ha,0,0,0,0,10.0,1034075.0
won't back down,eminem featuring p!nk,0,0,0,0,37.0,405604.0
cold wind blows,eminem,0,0,0,0,37.0,602699.0
stay,miley cyrus,0,0,0,0,4.0,41289.0
i keep on loving you,reba,0,0,0,0,1.0,6489.0
talkin' 2 myself,eminem featuring kobe,0,0,0,0,21.0,403362.0
up all night,drake featuring nicki minaj,0,0,0,0,24.0,660009.0
25 to life,eminem,0,0,0,0,20.0,635158.0
i'm back,t.i.,0,0,0,0,28.0,43766.0
i made it,"kevin rudolf featuring birdman, jay sean, and lil wayne",0,0,0,0,,
9 am in dallas,drake,0,0,0,0,11.0,422655.0
hey,lil jon featuring 3oh!3,0,0,0,0,,
fireworks,drake featuring alicia keys,0,0,0,0,,
winner,jamie foxx featuring justin timberlake and t .i.,0,0,0,0,,
another way to die,disturbed,0,0,0,0,4.0,15164.0
lil freak,usher featuring nicki minaj,0,0,0,0,0.0,
solo,iyaz,0,0,0,0,2.0,63520.0
finding my way back,jaheim,0,0,0,0,1.0,19642.0
faithfully,glee cast,0,0,0,0,2.0,16113.0
over the rainbow,glee cast,0,0,0,0,1.0,
any way you want it lovin' touchin' squeezin',glee cast,0,0,0,0,1.0,9939.0
don't stop believin',glee cast,0,0,0,0,3.0,82703.0
bionic,christina aguilera,0,0,0,0,1.0,10261.0
not myself tonight,christina aguilera,0,0,0,0,1.0,14992.0
to sir with love,glee cast,0,0,0,0,1.0,
bohemian rhapsody,glee cast featuring jonathan groff,0,0,0,0,2.0,6432.0
beamer benz or bentley,lloyd banks featuring juelz santana,0,0,0,0,15.0,101800.0
poker face,glee cast,0,0,0,0,1.0,23628.0
i gotta get to you,george strait,0,0,0,0,1.0,
keep on lovin' you,steel magnolia,0,0,0,0,1.0,
everything to me,monica,0,0,0,0,4.0,37330.0
woohoo,christina aguilera featuring nicki minaj,0,0,0,0,5.0,25595.0
yeah ya know,t.i.,0,0,0,0,2.0,12507.0
imma be,the black eyed peas,0,0,0,0,13.0,357596.0
hey daddy,usher featuring plies,0,0,0,0,,
baby,justin bieber featuring ludacris,0,0,0,0,,
you and your heart,jack johnson,0,0,0,0,1.0,12679.0
good vibrations,glee cast,0,0,0,0,1.0,
beautiful day,lee dewyze,0,0,0,0,1.0,
deja vu,3oh!3,0,0,0,0,0.0,
hallelujah,lee dewyze,0,0,0,0,,
another one bites the dust,glee cast,0,0,0,0,1.0,
falling slowly,lee dewyze and crystal bowersox,0,0,0,0,,
unstoppable,rascal flatts,0,0,0,0,1.0,
tell me something good,glee cast,0,0,0,0,1.0,
loser,glee cast,0,0,0,0,1.0,
it's a man's man's man's world,glee cast,0,0,0,0,1.0,
dirty picture,taio cruz featuring ke$ha,0,0,0,0,1.0,
roger that,young money,0,0,0,0,20.0,188121.0
say aah,trey songz featuring fabolous,0,0,0,0,3.0,91328.0
all the right moves,onerepublic,0,0,0,0,5.0,99122.0
carry out,timbaland featuring justin timberlake,0,0,0,0,,
bad romance,glee cast,0,0,0,0,2.0,11941.0
up to the mountain,crystal bowersox,0,0,0,0,1.0,
american honey,lady antebellum,0,0,0,0,1.0,31122.0
beth,glee cast,0,0,0,0,1.0,
leave right now,will young,0,0,0,0,6.0,12717.0
ain't back yet,kenny chesney,0,0,0,0,1.0,
highway 20 ride,zac brown band,0,0,0,0,6.0,61132.0
the boxer,lee dewyze,0,0,0,0,0.0,
touchin on my,3oh!3,0,0,0,0,2.0,10330.0
dream on,glee cast featuring neil patrick harris,0,0,0,0,,
who dat,j. cole,0,0,0,0,34.0,213750.0
i dreamed a dream,glee cast featuring idina menzel,0,0,0,0,,
jessie's girl,glee cast,0,0,0,0,2.0,5675.0
super high,rick ross featuring ne-yo,0,0,0,0,12.0,27950.0
neutron star collision,muse,0,0,0,0,5.0,16884.0
say something,timbaland featuring drake,0,0,0,0,6.0,213862.0
safety dance,glee cast,0,0,0,0,1.0,
steady mobbin',young money featuring gucci mane,0,0,0,0,33.0,494619.0
hell on the heart,eric church,0,0,0,0,0.0,
blah blah blah,ke$ha featuring 3oh!3,0,0,0,0,6.0,68062.0
pyramid,charice featuring iyaz,0,0,0,0,,
a little more country than that,easton corbin,0,0,0,0,1.0,5159.0
today was a fairytale,taylor swift,0,0,0,0,2.0,15007.0
window seat,erykah badu,0,0,0,0,4.0,102191.0
backwoods,justin moore,0,0,0,0,1.0,
naturally,selena gomez and the scene,0,0,0,0,1.0,48561.0
bedrock,young money featuring lloyd,0,0,0,0,24.0,1761806.0
live like we're dying,kris allen,0,0,0,0,1.0,13782.0
one,glee cast,0,0,0,0,1.0,
total eclipse of the heart,glee cast featuring jonathan groff,0,0,0,0,1.0,36844.0
drop the world,lil wayne featuring eminem,0,0,0,0,22.0,872228.0
the boy is mine,glee cast,0,0,0,0,1.0,21351.0
lady is a tramp,glee cast,0,0,0,0,1.0,
i'm single,lil wayne,0,0,0,0,10.0,379097.0
rose's turn,glee cast,0,0,0,0,4.0,22967.0
i'm awesome,spose,0,0,0,0,32.0,41862.0
gypsy,shakira,0,0,0,0,1.0,23946.0
fistful of tears,maxwell,0,0,0,0,7.0,24006.0
all i ever wanted,kelly clarkson,0,0,0,0,1.0,6330.0
sexy chick,david guetta featuring akon,0,0,0,0,8.0,45431.0
run joey run,glee cast featuring jonathan groff,0,0,0,0,4.0,9583.0
ice ice baby,glee cast,0,0,0,0,1.0,
hillbilly bone,blake shelton featuring trace adkins,0,0,0,0,2.0,11286.0
physical,glee cast featuring olivia newton-john,0,0,0,0,,
u can't touch this,glee cast,0,0,0,0,1.0,
temporary home,carrie underwood,0,0,0,0,7.0,15874.0
when i look at you,miley cyrus,0,0,0,0,1.0,222989.0
all or nothing,theory of a deadman,0,0,0,0,0.0,7345.0
give me a sign,breaking benjamin,0,0,0,0,9.0,41068.0
how low,ludacris,0,0,0,0,21.0,100424.0
one less bell to answer a house is not a home,glee cast featuring kristin chenoweth,0,0,0,0,1.0,12812.0
beautiful,glee cast,0,0,0,0,3.0,
fire,glee cast featuring kristin chenoweth,0,0,0,0,,
a house is not a home,glee cast,0,0,0,0,2.0,5893.0
home,glee cast featuring kristin chenoweth,0,0,0,0,,
halfway there,big time rush,0,0,0,0,1.0,41695.0
'til summer comes around,keith urban,0,0,0,0,1.0,
like a prayer,glee cast featuring jonathan groff,0,0,0,0,1.0,6111.0
love king,the-dream,0,0,0,0,4.0,
new morning,alpha rev,0,0,0,0,1.0,
according to you,orianthi,0,0,0,0,2.0,32371.0
heartbreak warfare,john mayer,0,0,0,0,11.0,207190.0
halfway gone,lifehouse,0,0,0,0,2.0,14588.0
bet i,b.o.b featuring t.i. and playboy tre,0,0,0,0,,
borderline open your heart,glee cast,0,0,0,0,1.0,
lemonade,gucci mane,0,0,0,0,27.0,510369.0
like a virgin,glee cast,0,0,0,0,1.0,9907.0
4 minutes,glee cast,0,0,0,0,2.0,5333.0
still,tim mcgraw,0,0,0,0,0.0,
gives you hell,glee cast,0,0,0,0,1.0,8578.0
i am,mary j. blige,0,0,0,0,3.0,8549.0
o let's do it,waka flocka flame,0,0,0,0,20.0,100046.0
sex therapy,robin thicke,0,0,0,0,6.0,42407.0
hello,glee cast featuring jonathan groff,0,0,0,0,,
hello goodbye,glee cast,0,0,0,0,1.0,
life after you,daughtry,0,0,0,0,3.0,20015.0
hello i love you,glee cast,0,0,0,0,1.0,
all the way turnt up,roscoe dash featuring soulja boy tell'em,0,0,0,0,2.0,22479.0
just breathe,pearl jam,0,0,0,0,1.0,110072.0
on to the next one,jay-z + swizz beatz,0,0,0,0,1.0,
that's how country boys roll,billy currington,0,0,0,0,2.0,
replay,iyaz,0,0,0,0,8.0,1406708.0
tie me down,new boyz featuring ray j,0,0,0,0,13.0,38487.0
don't let me fall,b.o.b,0,0,0,0,10.0,65549.0
women lie men lie,yo gotti featuring lil wayne,0,0,0,0,11.0,29744.0
shots,lmfao featuring lil jon,0,0,0,0,,
4 my town,birdman featuring drake and lil wayne,0,0,0,0,,
empire state of mind,jay-z + alicia keys,0,0,0,0,0.0,
down,jay sean featuring lil wayne,0,0,0,0,,
someday,rob thomas,0,0,0,0,3.0,8926.0
hard,rihanna featuring jeezy,0,0,0,0,12.0,133002.0
try sleeping with a broken heart,alicia keys,0,0,0,0,1.0,93604.0
one day,matisyahu,0,0,0,0,3.0,561441.0
it kills me,melanie fiona,0,0,0,0,1.0,31207.0
why don't we just dance,josh turner,0,0,0,0,1.0,15906.0
reverse cowgirl,t-pain,0,0,0,0,2.0,9589.0
i wanna rock,snoop dogg,0,0,0,0,7.0,22468.0
soldier of love,sade,0,0,0,0,5.0,40962.0
that should be me,justin bieber,0,0,0,0,6.0,748743.0
fireflies,owl city,0,0,0,0,17.0,1675803.0
whatcha say,jason derulo,0,0,0,0,9.0,346529.0
do you remember,jay sean featuring sean paul and lil jon,0,0,0,0,1.0,55636.0
the truth,jason aldean,0,0,0,0,1.0,70295.0
make a wave,disney's friends for change,0,0,0,0,,
american saturday night,brad paisley,0,0,0,0,10.0,9930.0
alice,avril lavigne,0,0,0,0,7.0,30447.0
cryin' like a bitch,godsmack,0,0,0,0,4.0,17788.0
ain't leavin without you,jaheim,0,0,0,0,4.0,6911.0
1901,phoenix,0,0,0,0,10.0,196625.0
two is better than one,boys like girls featuring taylor swift,0,0,0,0,3.0,63337.0
if you only knew,shinedown,0,0,0,0,1.0,26902.0
history in the making,darius rucker,0,0,0,0,1.0,
driving me crazy,sam adams,0,0,0,0,1.0,
feel it,three 6 mafia vs. tiesto with sean kingston and flo rida,0,0,0,0,,
never let you go,justin bieber,0,0,0,0,3.0,59884.0
ooh baby,mario,0,0,0,0,1.0,
we are the world 25 for haiti,artists for haiti,0,0,0,0,5.0,258757.0
vanilla twilight,owl city,0,0,0,0,9.0,127690.0
let it be,kris allen,0,0,0,0,1.0,
my best days are ahead of me,danny gokey,0,0,0,0,1.0,
i invented sex,trey songz featuring drake,0,0,0,0,5.0,91945.0
follow me down,3oh!3 featuring neon hitch,0,0,0,0,1.0,
shut it down,pitbull featuring akon,0,0,0,0,12.0,7450.0
knockout,lil wayne featuring nicki minaj,0,0,0,0,7.0,82420.0
already gone,kelly clarkson,0,0,0,0,8.0,75103.0
use somebody,kings of leon,0,0,0,0,13.0,649038.0
forever,"drake featuring kanye west, lil wayne and eminem",0,0,0,0,,
meet me halfway,the black eyed peas,0,0,0,0,4.0,647192.0
paparazzi,lady gaga,0,0,0,0,16.0,1056092.0
cryin' for me,toby keith,0,0,0,0,6.0,12488.0
white liar,miranda lambert,0,0,0,0,3.0,11965.0
pants on the ground,general larry platt,0,0,0,0,9.0,
gangsta luv,snoop dogg featuring the-dream,0,0,0,0,4.0,34400.0
rain,creed,0,0,0,0,0.0,6244.0
didn't you know how much i loved you,kellie pickler,0,0,0,0,1.0,
party in the u s a,miley cyrus,0,0,0,0,,
hero,christopher wilde,0,0,0,0,,
hallelujah,k.d. lang,0,0,0,0,1.0,7798.0
3,britney spears,0,0,0,0,15.0,174162.0
money to blow,birdman featuring lil wayne and drake,0,0,0,0,,
starstruck,christopher wilde,0,0,0,0,1.0,
something about the sunshine,christopher wilde and anna margaret,0,0,0,0,,
southern voice,tim mcgraw,0,0,0,0,9.0,
never gonna be alone,nickelback,0,0,0,0,2.0,21401.0
up out my face,mariah carey featuring nicki minaj,0,0,0,0,0.0,
i wanna make you close your eyes,dierks bentley,0,0,0,0,1.0,
i can transform ya,chris brown featuring lil wayne and swizz beatz,0,0,0,0,0.0,
spotlight,gucci mane featuring usher,0,0,0,0,3.0,15127.0
you and me,dave matthews band,0,0,0,0,9.0,41693.0
set the fire to the third bar,snow patrol featuring martha wainwright,0,0,0,0,7.0,37213.0
evacuate the dancefloor,cascada,0,0,0,0,6.0,59071.0
sweet dreams,beyonce,1,0,0,0,3.0,249812.0
bridge over troubled water,mary j. blige and andrea bocelli,0,0,0,0,1.0,
f k today,lil wayne featuring gudda,0,0,0,0,,
hallelujah,justin timberlake and matt morris featuring charlie sexton,0,0,0,0,,
who i am,nick jonas and the administration,0,0,0,0,1.0,6267.0
american star,lil wayne featuring shanell aka snl,0,0,0,0,2.0,9492.0
consider me gone,reba,0,0,0,0,1.0,8187.0
major tom,shiny toy guns,0,0,0,0,10.0,
fallin' for you,colbie caillat,0,0,0,0,1.0,31212.0
lean on me,"sheryl crow, kid rock and keith urban",0,0,0,0,1.0,
cowboy casanova,carrie underwood,0,0,0,0,7.0,26307.0
breathless,taylor swift,0,0,0,0,2.0,7324.0
stranded,"jay-z, bono, the edge and rihanna",0,0,0,0,,
one less lonely girl,justin bieber,0,0,0,0,2.0,101273.0
my city of ruins,eddie vedder,0,0,0,0,1.0,
eight second ride,jake owen,0,0,0,0,1.0,22065.0
papers,usher,0,0,0,0,2.0,38286.0
let it be,jennifer hudson featuring the roots,0,0,0,0,1.0,
hurry home,jason michael carroll,0,0,0,0,1.0,
uprising,muse,0,0,0,0,16.0,269112.0
redemption song,rihanna,0,0,0,0,,
break,three days grace,0,0,0,0,1.0,30407.0
crawl,chris brown,0,0,0,0,9.0,48506.0
baby by me,50 cent featuring ne-yo,0,0,0,0,6.0,119071.0
give it up to me,shakira featuring lil wayne,0,0,0,0,7.0,11971.0
russian roulette,rihanna,0,0,0,0,6.0,221150.0
ready to love again,lady antebellum,0,0,0,0,1.0,
do i,luke bryan,0,0,0,0,3.0,24544.0
i will not bow,breaking benjamin,0,0,0,0,8.0,62166.0
hot mess,cobra starship,0,0,0,0,1.0,9523.0
one time,justin bieber,0,0,0,0,1.0,70134.0
red light,david nail,0,0,0,0,1.0,
love this pain,lady antebellum,0,0,0,0,1.0,
i'm going in,drake featuring lil wayne and young jeezy,0,0,0,0,,
wasted,gucci mane featuring plies or oj da juiceman,0,0,0,0,,
body language,jesse mccartney featuring t-pain,0,0,0,0,1.0,10664.0
bad habits,maxwell,0,0,0,0,1.0,37314.0
run this town,"jay-z, rihanna and kanye west",0,0,0,0,1.0,
funhouse,p!nk,0,0,0,0,6.0,46080.0
drop it low,ester dean featuring chris brown,0,0,0,0,1.0,7270.0
gettin' you home,chris young,0,0,0,0,0.0,23866.0
i want you to,weezer,0,0,0,0,,
music box,eminem,0,0,0,0,24.0,232271.0
love me,justin bieber,0,0,0,0,2.0,168216.0
falling down,selena gomez and the scene,0,0,0,0,1.0,14835.0
bonfire,craig morgan,0,0,0,0,1.0,
video phone,beyonce featuring lady gaga,0,0,0,0,,
kings and queens,thirty seconds to mars,0,1,0,0,2.0,89578.0
hell breaks loose,eminem featuring dr. dre,0,0,0,0,25.0,75153.0
empire state of mind broken down,alicia keys,0,0,0,0,8.0,793431.0
elevator,eminem,0,0,0,0,33.0,234362.0
on fire,lil wayne,0,0,0,0,4.0,42180.0
i get it in,omarion featuring gucci mane,0,0,0,0,0.0,
